date,weekday,home_team,home_score,away_team,away_score,attendance,overtime,remarks
2001-10-30T19:00:00,Tuesday,Cleveland Cavaliers,89,Boston Celtics,108,17748,,
2001-10-30T19:30:00,Tuesday,New Jersey Nets,103,Indiana Pacers,97,17748,,
2001-10-30T19:30:00,Tuesday,New York Knicks,93,Washington Wizards,91,17748,,
2001-10-30T19:30:00,Tuesday,Orlando Magic,114,Toronto Raptors,85,17748,,
2001-10-30T20:00:00,Tuesday,Minnesota Timberwolves,83,Philadelphia 76ers,74,17748,,
2001-10-30T20:30:00,Tuesday,Dallas Mavericks,94,Detroit Pistons,87,17748,,
2001-10-30T20:30:00,Tuesday,San Antonio Spurs,109,Los Angeles Clippers,98,17748,,
2001-10-30T20:30:00,Tuesday,Houston Rockets,89,Atlanta Hawks,84,17748,OT,
2001-10-30T21:00:00,Tuesday,Phoenix Suns,96,Denver Nuggets,99,17748,,
2001-10-30T21:00:00,Tuesday,Utah Jazz,112,Milwaukee Bucks,119,17748,OT,
2001-10-30T22:00:00,Tuesday,Sacramento Kings,101,Seattle SuperSonics,95,17748,,
2001-10-30T22:30:00,Tuesday,Los Angeles Lakers,98,Portland Trail Blazers,87,17748,,
2001-10-31T19:00:00,Wednesday,Charlotte Hornets,100,Cleveland Cavaliers,94,17748,,
2001-10-31T19:00:00,Wednesday,Boston Celtics,92,New Jersey Nets,95,17748,,
2001-10-31T20:00:00,Wednesday,Miami Heat,97,Toronto Raptors,92,17748,,
2001-10-31T20:30:00,Wednesday,Chicago Bulls,73,Indiana Pacers,98,17748,,
2001-10-31T22:00:00,Wednesday,Portland Trail Blazers,92,Golden State Warriors,87,17748,,
2001-11-01T19:00:00,Thursday,Philadelphia 76ers,92,Dallas Mavericks,99,20230,,
2001-11-01T20:00:00,Thursday,Atlanta Hawks,88,Washington Wizards,98,20230,,
2001-11-01T20:00:00,Thursday,Memphis Grizzlies,80,Detroit Pistons,90,20230,,
2001-11-01T20:30:00,Thursday,Houston Rockets,98,Los Angeles Clippers,92,20230,OT,
2001-11-01T21:00:00,Thursday,Denver Nuggets,101,Milwaukee Bucks,102,20230,,
2001-11-01T21:00:00,Thursday,Utah Jazz,101,Los Angeles Lakers,105,20230,,
2001-11-01T22:00:00,Thursday,Seattle SuperSonics,114,San Antonio Spurs,108,20230,,
2001-11-01T22:30:00,Thursday,Golden State Warriors,101,Phoenix Suns,107,20230,,
2001-11-02T19:00:00,Friday,Toronto Raptors,109,Dallas Mavericks,92,20230,,
2001-11-02T19:00:00,Friday,Indiana Pacers,117,Orlando Magic,107,20230,,
2001-11-02T19:30:00,Friday,Miami Heat,83,Cleveland Cavaliers,90,20230,,
2001-11-02T19:30:00,Friday,Boston Celtics,96,Chicago Bulls,82,20230,,
2001-11-02T19:30:00,Friday,Charlotte Hornets,97,New York Knicks,93,20230,,
2001-11-02T20:00:00,Friday,Detroit Pistons,102,New Jersey Nets,88,20230,,
2001-11-02T20:00:00,Friday,Minnesota Timberwolves,111,Memphis Grizzlies,102,20230,,
2001-11-02T22:30:00,Friday,Los Angeles Lakers,117,Phoenix Suns,94,20230,,
2001-11-03T18:30:00,Saturday,Washington Wizards,90,Philadelphia 76ers,76,20230,,
2001-11-03T19:00:00,Saturday,Atlanta Hawks,90,Miami Heat,83,20230,,
2001-11-03T20:00:00,Saturday,New Jersey Nets,95,Charlotte Hornets,85,20230,,
2001-11-03T20:30:00,Saturday,Chicago Bulls,84,New York Knicks,79,20230,,
2001-11-03T20:30:00,Saturday,Cleveland Cavaliers,69,Orlando Magic,99,20230,,
2001-11-03T20:30:00,Saturday,Houston Rockets,88,Minnesota Timberwolves,90,20230,,
2001-11-03T20:30:00,Saturday,Milwaukee Bucks,105,Boston Celtics,99,20230,,
2001-11-03T21:00:00,Saturday,Denver Nuggets,94,Sacramento Kings,106,20230,,
2001-11-03T21:00:00,Saturday,Seattle SuperSonics,74,Utah Jazz,91,20230,,
2001-11-03T22:00:00,Saturday,Portland Trail Blazers,90,San Antonio Spurs,106,20230,,
2001-11-03T22:30:00,Saturday,Los Angeles Clippers,108,Golden State Warriors,110,20230,OT,
2001-11-04T15:00:00,Sunday,Memphis Grizzlies,85,Dallas Mavericks,94,20230,,
2001-11-04T17:30:00,Sunday,Toronto Raptors,113,Indiana Pacers,100,20230,,
2001-11-04T19:00:00,Sunday,Detroit Pistons,100,Washington Wizards,78,20230,,
2001-11-04T20:00:00,Sunday,Phoenix Suns,100,Houston Rockets,103,20230,,
2001-11-04T21:00:00,Sunday,Sacramento Kings,103,San Antonio Spurs,83,20230,,
2001-11-04T21:00:00,Sunday,Golden State Warriors,96,Portland Trail Blazers,86,20230,,
2001-11-04T21:30:00,Sunday,Los Angeles Lakers,100,Utah Jazz,96,20230,,
2001-11-05T19:30:00,Monday,Orlando Magic,119,Seattle SuperSonics,123,20230,2OT,
2001-11-05T22:30:00,Monday,Los Angeles Clippers,109,Atlanta Hawks,86,20230,,
2001-11-06T19:00:00,Tuesday,Cleveland Cavaliers,99,Sacramento Kings,115,20230,,
2001-11-06T19:00:00,Tuesday,Philadelphia 76ers,77,Indiana Pacers,87,20230,,
2001-11-06T19:30:00,Tuesday,Miami Heat,87,Seattle SuperSonics,85,20230,OT,
2001-11-06T20:00:00,Tuesday,Minnesota Timberwolves,104,New York Knicks,94,20230,,
2001-11-06T20:00:00,Tuesday,San Antonio Spurs,104,Orlando Magic,89,20230,,
2001-11-06T20:30:00,Tuesday,Houston Rockets,99,Denver Nuggets,93,20230,,
2001-11-06T20:30:00,Tuesday,Dallas Mavericks,110,Charlotte Hornets,92,20230,,
2001-11-06T21:00:00,Tuesday,Phoenix Suns,113,Memphis Grizzlies,101,20230,,
2001-11-06T22:00:00,Tuesday,Portland Trail Blazers,101,Utah Jazz,83,20230,,
2001-11-07T19:00:00,Wednesday,Toronto Raptors,109,Golden State Warriors,92,20230,,
2001-11-07T19:30:00,Wednesday,New York Knicks,82,Cleveland Cavaliers,64,20230,,
2001-11-07T20:00:00,Wednesday,Boston Celtics,104,Washington Wizards,95,20230,,
2001-11-07T20:00:00,Wednesday,Indiana Pacers,116,Sacramento Kings,104,20230,,
2001-11-07T20:30:00,Wednesday,Chicago Bulls,73,Detroit Pistons,97,20230,,
2001-11-07T21:00:00,Wednesday,Utah Jazz,96,Atlanta Hawks,89,20230,,
2001-11-07T22:30:00,Wednesday,Los Angeles Clippers,108,Memphis Grizzlies,92,20230,,
2001-11-08T19:00:00,Thursday,Charlotte Hornets,95,San Antonio Spurs,105,20230,,
2001-11-08T19:30:00,Thursday,New Jersey Nets,106,Seattle SuperSonics,94,20230,,
2001-11-08T20:00:00,Thursday,Minnesota Timberwolves,127,Chicago Bulls,74,20230,,
2001-11-08T20:00:00,Thursday,Milwaukee Bucks,86,Miami Heat,82,20230,,
2001-11-08T20:30:00,Thursday,Dallas Mavericks,105,Denver Nuggets,91,20230,,
2001-11-08T21:00:00,Thursday,Phoenix Suns,108,Atlanta Hawks,80,20230,,
2001-11-08T21:00:00,Thursday,Houston Rockets,77,Philadelphia 76ers,72,20230,,
2001-11-08T22:00:00,Thursday,Portland Trail Blazers,119,Los Angeles Clippers,101,20230,,
2001-11-09T19:00:00,Friday,Washington Wizards,100,Golden State Warriors,109,20230,,
2001-11-09T19:00:00,Friday,Indiana Pacers,103,New York Knicks,95,20230,,
2001-11-09T19:30:00,Friday,Boston Celtics,104,Seattle SuperSonics,94,20230,,
2001-11-09T19:30:00,Friday,Orlando Magic,115,Sacramento Kings,105,20230,,
2001-11-09T21:00:00,Friday,Denver Nuggets,108,Houston Rockets,81,20230,,
2001-11-09T22:30:00,Friday,Los Angeles Lakers,110,Memphis Grizzlies,86,20230,,
2001-11-10T13:00:00,Saturday,New Jersey Nets,87,Cleveland Cavaliers,84,20230,,
2001-11-10T15:30:00,Saturday,Los Angeles Clippers,111,Phoenix Suns,102,20230,,
2001-11-10T19:30:00,Saturday,Miami Heat,75,Sacramento Kings,90,20230,,
2001-11-10T19:30:00,Saturday,New York Knicks,71,Golden State Warriors,90,20230,,
2001-11-10T20:00:00,Saturday,Indiana Pacers,105,Portland Trail Blazers,96,20230,,
2001-11-10T20:30:00,Saturday,San Antonio Spurs,110,Atlanta Hawks,88,20230,,
2001-11-10T20:30:00,Saturday,Milwaukee Bucks,82,Minnesota Timberwolves,98,20230,,
2001-11-10T20:30:00,Saturday,Dallas Mavericks,91,Philadelphia 76ers,98,20230,,
2001-11-10T20:30:00,Saturday,Chicago Bulls,85,Charlotte Hornets,89,20230,,
2001-11-10T21:00:00,Saturday,Utah Jazz,96,Toronto Raptors,117,20230,,
2001-11-11T13:00:00,Sunday,Washington Wizards,84,Seattle SuperSonics,99,20230,,
2001-11-11T18:00:00,Sunday,Detroit Pistons,98,Portland Trail Blazers,100,20230,,
2001-11-11T21:00:00,Sunday,Denver Nuggets,96,Toronto Raptors,85,20230,,
2001-11-11T21:30:00,Sunday,Los Angeles Lakers,108,Orlando Magic,95,20230,,
2001-11-12T20:00:00,Monday,Memphis Grizzlies,79,Golden State Warriors,86,20230,,
2001-11-12T21:00:00,Monday,Utah Jazz,105,Orlando Magic,98,20230,,
2001-11-13T19:00:00,Tuesday,Indiana Pacers,82,New Jersey Nets,91,20230,,
2001-11-13T19:30:00,Tuesday,New York Knicks,89,Portland Trail Blazers,82,20230,,
2001-11-13T19:30:00,Tuesday,Miami Heat,76,Philadelphia 76ers,82,20230,,
2001-11-13T20:00:00,Tuesday,Sacramento Kings,95,Toronto Raptors,86,20230,,
2001-11-13T20:00:00,Tuesday,Minnesota Timberwolves,103,Cleveland Cavaliers,107,20230,,
2001-11-13T20:30:00,Tuesday,San Antonio Spurs,90,Houston Rockets,86,20230,,
2001-11-13T21:00:00,Tuesday,Denver Nuggets,101,Chicago Bulls,93,20230,,
2001-11-13T22:00:00,Tuesday,Seattle SuperSonics,91,Phoenix Suns,92,20230,,
2001-11-14T19:00:00,Wednesday,Cleveland Cavaliers,94,Dallas Mavericks,107,20230,,
2001-11-14T19:00:00,Wednesday,Philadelphia 76ers,100,Charlotte Hornets,86,20230,,
2001-11-14T19:00:00,Wednesday,Boston Celtics,101,Indiana Pacers,93,20230,,
2001-11-14T19:00:00,Wednesday,Washington Wizards,98,Milwaukee Bucks,107,20230,,
2001-11-14T19:30:00,Wednesday,Atlanta Hawks,111,Utah Jazz,79,20230,,
2001-11-14T20:00:00,Wednesday,Phoenix Suns,92,Orlando Magic,93,20230,,
2001-11-14T22:30:00,Wednesday,Golden State Warriors,82,Toronto Raptors,89,20230,,
2001-11-14T22:30:00,Wednesday,Los Angeles Clippers,106,Chicago Bulls,102,20230,,
2001-11-15T19:30:00,Thursday,Detroit Pistons,115,Dallas Mavericks,89,20230,,
2001-11-15T19:30:00,Thursday,New York Knicks,83,Miami Heat,74,20230,,
2001-11-15T20:00:00,Thursday,Memphis Grizzlies,85,Portland Trail Blazers,101,20230,,
2001-11-15T21:00:00,Thursday,Houston Rockets,97,Los Angeles Lakers,98,20230,OT,
2001-11-15T21:00:00,Thursday,Denver Nuggets,82,Orlando Magic,101,20230,,
2001-11-16T19:00:00,Friday,Washington Wizards,92,Utah Jazz,101,20230,,
2001-11-16T19:00:00,Friday,Philadelphia 76ers,98,Atlanta Hawks,78,20230,,
2001-11-16T19:00:00,Friday,Indiana Pacers,113,Minnesota Timberwolves,120,20230,2OT,
2001-11-16T19:30:00,Friday,New Jersey Nets,109,New York Knicks,83,20230,,
2001-11-16T19:30:00,Friday,Miami Heat,87,Charlotte Hornets,96,20230,,
2001-11-16T20:30:00,Friday,San Antonio Spurs,105,Cleveland Cavaliers,91,20230,,
2001-11-16T21:00:00,Friday,Phoenix Suns,95,Los Angeles Lakers,83,20230,,
2001-11-16T22:00:00,Friday,Sacramento Kings,105,Chicago Bulls,71,20230,,
2001-11-16T22:00:00,Friday,Seattle SuperSonics,100,Golden State Warriors,91,20230,,
2001-11-16T22:30:00,Friday,Los Angeles Clippers,85,Toronto Raptors,94,20230,,
2001-11-17T19:00:00,Saturday,Atlanta Hawks,112,Boston Celtics,103,20230,,
2001-11-17T19:30:00,Saturday,Charlotte Hornets,87,Portland Trail Blazers,97,20230,,
2001-11-17T19:30:00,Saturday,Detroit Pistons,104,Indiana Pacers,98,20230,,
2001-11-17T20:00:00,Saturday,Memphis Grizzlies,98,Cleveland Cavaliers,93,20230,,
2001-11-17T20:00:00,Saturday,Minnesota Timberwolves,103,Orlando Magic,95,20230,,
2001-11-17T20:00:00,Saturday,New Jersey Nets,82,Philadelphia 76ers,94,20230,,
2001-11-17T20:30:00,Saturday,Houston Rockets,124,Dallas Mavericks,87,20230,,
2001-11-17T20:30:00,Saturday,Milwaukee Bucks,104,Utah Jazz,93,20230,,
2001-11-17T22:30:00,Saturday,Seattle SuperSonics,93,Denver Nuggets,103,20230,,
2001-11-17T22:30:00,Saturday,Golden State Warriors,93,Chicago Bulls,88,20230,,
2001-11-18T15:30:00,Sunday,Los Angeles Clippers,99,New York Knicks,86,20230,,
2001-11-18T20:00:00,Sunday,Phoenix Suns,81,Toronto Raptors,87,20230,,
2001-11-18T21:30:00,Sunday,Los Angeles Lakers,93,Sacramento Kings,85,20230,,
2001-11-19T21:00:00,Monday,Denver Nuggets,99,New Jersey Nets,96,20230,OT,
2001-11-19T22:00:00,Monday,Sacramento Kings,113,Houston Rockets,77,20230,,
2001-11-20T18:30:00,Tuesday,Toronto Raptors,84,Detroit Pistons,88,20230,,
2001-11-20T19:00:00,Tuesday,Indiana Pacers,106,Atlanta Hawks,102,20230,,
2001-11-20T20:00:00,Tuesday,Washington Wizards,88,Charlotte Hornets,95,20230,,
2001-11-20T20:00:00,Tuesday,Miami Heat,73,Minnesota Timberwolves,80,20230,,
2001-11-20T20:30:00,Tuesday,Dallas Mavericks,97,Seattle SuperSonics,105,20230,,
2001-11-20T22:00:00,Tuesday,Portland Trail Blazers,87,Houston Rockets,94,20230,,
2001-11-20T22:30:00,Tuesday,Los Angeles Clippers,93,Los Angeles Lakers,98,20230,,
2001-11-20T22:30:00,Tuesday,Golden State Warriors,70,New York Knicks,94,20230,,
2001-11-21T19:00:00,Wednesday,Cleveland Cavaliers,101,Memphis Grizzlies,94,20230,,
2001-11-21T19:00:00,Wednesday,Charlotte Hornets,78,Dallas Mavericks,89,20230,,
2001-11-21T19:00:00,Wednesday,Boston Celtics,85,Atlanta Hawks,92,20230,,
2001-11-21T19:00:00,Wednesday,Philadelphia 76ers,94,Detroit Pistons,89,20230,,
2001-11-21T19:30:00,Wednesday,Orlando Magic,117,Minnesota Timberwolves,106,20230,,
2001-11-21T20:00:00,Wednesday,Milwaukee Bucks,96,Chicago Bulls,92,20230,,
2001-11-21T20:30:00,Wednesday,San Antonio Spurs,110,Seattle SuperSonics,93,20230,,
2001-11-21T21:00:00,Wednesday,Denver Nuggets,68,Los Angeles Lakers,89,20230,,
2001-11-21T21:00:00,Wednesday,Utah Jazz,89,New Jersey Nets,90,20230,OT,
2001-11-21T21:00:00,Wednesday,Phoenix Suns,96,New York Knicks,72,20230,,
2001-11-21T22:00:00,Wednesday,Sacramento Kings,95,Portland Trail Blazers,83,20230,,
2001-11-22T20:00:00,Thursday,Toronto Raptors,75,Milwaukee Bucks,78,20230,,
2001-11-22T20:00:00,Thursday,Indiana Pacers,110,Washington Wizards,103,20230,,
2001-11-22T22:30:00,Thursday,Los Angeles Clippers,90,New Jersey Nets,95,20230,,
2001-11-23T19:00:00,Friday,Philadelphia 76ers,79,Cleveland Cavaliers,68,20230,,
2001-11-23T19:30:00,Friday,Charlotte Hornets,99,Orlando Magic,109,20230,,
2001-11-23T19:30:00,Friday,Atlanta Hawks,106,Detroit Pistons,99,20230,,
2001-11-23T19:30:00,Friday,Miami Heat,94,Dallas Mavericks,104,20230,,
2001-11-23T19:30:00,Friday,Boston Celtics,89,Toronto Raptors,91,20230,,
2001-11-23T20:00:00,Friday,Memphis Grizzlies,89,Phoenix Suns,103,20230,,
2001-11-23T20:00:00,Friday,Indiana Pacers,79,San Antonio Spurs,97,20230,,
2001-11-23T21:00:00,Friday,Utah Jazz,106,Los Angeles Clippers,101,20230,,
2001-11-23T22:00:00,Friday,Portland Trail Blazers,97,Denver Nuggets,90,20230,,
2001-11-23T22:00:00,Friday,Seattle SuperSonics,99,Houston Rockets,81,20230,,
2001-11-23T22:30:00,Friday,Los Angeles Lakers,106,Golden State Warriors,90,20230,,
2001-11-24T13:00:00,Saturday,New York Knicks,78,Chicago Bulls,71,20230,,
2001-11-24T19:00:00,Saturday,Washington Wizards,88,Boston Celtics,84,20230,OT,
2001-11-24T19:30:00,Saturday,Orlando Magic,101,Charlotte Hornets,103,20230,,
2001-11-24T19:30:00,Saturday,Detroit Pistons,91,Memphis Grizzlies,84,20230,,
2001-11-24T19:30:00,Saturday,Cleveland Cavaliers,100,Miami Heat,96,20230,OT,
2001-11-24T20:00:00,Saturday,Minnesota Timberwolves,99,San Antonio Spurs,94,20230,,
2001-11-24T20:30:00,Saturday,Dallas Mavericks,119,Phoenix Suns,104,20230,,
2001-11-24T21:00:00,Saturday,Milwaukee Bucks,95,Atlanta Hawks,88,20230,,
2001-11-24T22:00:00,Saturday,Sacramento Kings,98,New Jersey Nets,97,20230,,
2001-11-25T12:30:00,Sunday,Toronto Raptors,107,Philadelphia 76ers,88,20230,,
2001-11-25T15:30:00,Sunday,Los Angeles Clippers,90,Houston Rockets,83,20230,,
2001-11-25T19:00:00,Sunday,Seattle SuperSonics,99,Indiana Pacers,88,20230,,
2001-11-25T21:00:00,Sunday,Golden State Warriors,101,New Jersey Nets,85,20230,,
2001-11-25T21:30:00,Sunday,Los Angeles Lakers,105,Denver Nuggets,98,20230,,
2001-11-26T19:30:00,Monday,Orlando Magic,100,Detroit Pistons,105,20230,,
2001-11-26T19:30:00,Monday,New York Knicks,88,Atlanta Hawks,83,20230,,
2001-11-26T20:00:00,Monday,Memphis Grizzlies,98,Sacramento Kings,94,20230,,
2001-11-26T21:00:00,Monday,Utah Jazz,104,Phoenix Suns,111,20230,OT,
2001-11-27T19:00:00,Tuesday,Cleveland Cavaliers,94,Washington Wizards,75,20230,,
2001-11-27T19:30:00,Tuesday,Miami Heat,83,Boston Celtics,84,20230,,
2001-11-27T19:30:00,Tuesday,New Jersey Nets,100,Chicago Bulls,68,20230,,
2001-11-27T20:00:00,Tuesday,Houston Rockets,84,Sacramento Kings,89,20230,,
2001-11-27T20:30:00,Tuesday,Dallas Mavericks,116,Golden State Warriors,106,20230,,
2001-11-27T22:00:00,Tuesday,Seattle SuperSonics,112,Minnesota Timberwolves,102,20230,,
2001-11-27T22:00:00,Tuesday,Portland Trail Blazers,96,Indiana Pacers,90,20230,,
2001-11-27T22:30:00,Tuesday,Los Angeles Lakers,104,Milwaukee Bucks,85,20230,,
2001-11-28T19:30:00,Wednesday,Atlanta Hawks,100,New York Knicks,105,20230,,
2001-11-28T19:30:00,Wednesday,Detroit Pistons,96,Charlotte Hornets,104,20230,,
2001-11-28T20:00:00,Wednesday,Philadelphia 76ers,87,Washington Wizards,94,20230,,
2001-11-28T20:30:00,Wednesday,San Antonio Spurs,94,Golden State Warriors,83,20230,,
2001-11-28T21:00:00,Wednesday,Denver Nuggets,85,Indiana Pacers,99,20230,,
2001-11-28T21:00:00,Wednesday,Phoenix Suns,104,Milwaukee Bucks,84,20230,,
2001-11-28T21:00:00,Wednesday,Utah Jazz,112,Seattle SuperSonics,88,20230,,
2001-11-28T22:30:00,Wednesday,Los Angeles Clippers,94,Minnesota Timberwolves,75,20230,,
2001-11-29T18:30:00,Thursday,Toronto Raptors,91,Memphis Grizzlies,88,20230,,
2001-11-29T19:00:00,Thursday,Cleveland Cavaliers,96,Atlanta Hawks,105,20230,,
2001-11-29T19:30:00,Thursday,Orlando Magic,89,Boston Celtics,99,20230,,
2001-11-29T20:30:00,Thursday,Dallas Mavericks,98,Sacramento Kings,110,20230,,
2001-11-29T20:30:00,Thursday,Chicago Bulls,78,Miami Heat,72,20230,,
2001-11-30T19:30:00,Friday,Miami Heat,75,Washington Wizards,84,20230,,
2001-11-30T19:30:00,Friday,Charlotte Hornets,105,Detroit Pistons,110,20230,,
2001-11-30T20:00:00,Friday,Memphis Grizzlies,102,Houston Rockets,85,20230,,
2001-11-30T20:30:00,Friday,San Antonio Spurs,106,Sacramento Kings,109,20230,OT,
2001-11-30T21:00:00,Friday,Phoenix Suns,98,Utah Jazz,76,20230,,
2001-11-30T21:00:00,Friday,Denver Nuggets,96,Los Angeles Clippers,93,20230,,
2001-11-30T22:00:00,Friday,Seattle SuperSonics,92,Los Angeles Lakers,107,20230,,
2001-11-30T22:00:00,Friday,Portland Trail Blazers,101,Milwaukee Bucks,95,20230,,
2001-12-01T13:00:00,Saturday,New Jersey Nets,98,Boston Celtics,105,11379,OT,
2001-12-01T14:00:00,Saturday,Atlanta Hawks,103,Toronto Raptors,104,11379,,
2001-12-01T18:30:00,Saturday,Washington Wizards,87,Orlando Magic,96,11379,,
2001-12-01T19:30:00,Saturday,Cleveland Cavaliers,93,Charlotte Hornets,81,11379,,
2001-12-01T20:00:00,Saturday,New York Knicks,97,Detroit Pistons,100,11379,,
2001-12-01T20:30:00,Saturday,Houston Rockets,75,San Antonio Spurs,85,11379,,
2001-12-01T20:30:00,Saturday,Chicago Bulls,76,Philadelphia 76ers,93,11379,,
2001-12-01T21:00:00,Saturday,Utah Jazz,97,Indiana Pacers,100,11379,,
2001-12-01T22:00:00,Saturday,Portland Trail Blazers,83,Phoenix Suns,97,11379,,
2001-12-01T22:30:00,Saturday,Golden State Warriors,82,Dallas Mavericks,111,11379,,
2001-12-01T22:30:00,Saturday,Los Angeles Lakers,102,Minnesota Timberwolves,76,11379,,
2001-12-02T15:00:00,Sunday,Toronto Raptors,69,Boston Celtics,85,11379,,
2001-12-02T18:00:00,Sunday,Philadelphia 76ers,87,Memphis Grizzlies,93,11379,,
2001-12-02T21:00:00,Sunday,Sacramento Kings,114,Dallas Mavericks,120,11379,OT,
2001-12-02T21:00:00,Sunday,Seattle SuperSonics,97,Milwaukee Bucks,83,11379,,
2001-12-02T21:00:00,Sunday,Los Angeles Clippers,103,Indiana Pacers,72,11379,,
2001-12-03T19:30:00,Monday,New York Knicks,89,Houston Rockets,86,11379,,
2001-12-03T19:30:00,Monday,Orlando Magic,113,Memphis Grizzlies,71,11379,,
2001-12-03T21:00:00,Monday,Phoenix Suns,110,Golden State Warriors,93,11379,,
2001-12-04T19:00:00,Tuesday,Indiana Pacers,104,Denver Nuggets,96,11379,,
2001-12-04T19:00:00,Tuesday,Cleveland Cavaliers,100,Detroit Pistons,88,11379,,
2001-12-04T20:00:00,Tuesday,Minnesota Timberwolves,108,Seattle SuperSonics,83,11379,,
2001-12-04T20:00:00,Tuesday,Milwaukee Bucks,71,New York Knicks,85,11379,,
2001-12-04T20:00:00,Tuesday,Sacramento Kings,94,Philadelphia 76ers,84,11379,,
2001-12-04T20:30:00,Tuesday,Chicago Bulls,103,Houston Rockets,75,11379,,
2001-12-04T20:30:00,Tuesday,San Antonio Spurs,103,Washington Wizards,88,11379,,
2001-12-04T21:00:00,Tuesday,Utah Jazz,104,Charlotte Hornets,100,11379,,
2001-12-04T22:30:00,Tuesday,Los Angeles Clippers,87,Miami Heat,83,11379,,
2001-12-05T19:00:00,Wednesday,Boston Celtics,95,Denver Nuggets,80,11379,,
2001-12-05T19:30:00,Wednesday,Orlando Magic,102,Chicago Bulls,74,11379,,
2001-12-05T19:30:00,Wednesday,Detroit Pistons,95,Seattle SuperSonics,91,11379,,
2001-12-05T19:30:00,Wednesday,Atlanta Hawks,112,San Antonio Spurs,120,11379,,
2001-12-05T20:00:00,Wednesday,New Jersey Nets,106,Phoenix Suns,87,11379,,
2001-12-05T22:30:00,Wednesday,Golden State Warriors,93,Philadelphia 76ers,87,11379,,
2001-12-05T22:30:00,Wednesday,Los Angeles Lakers,98,Dallas Mavericks,94,11379,,
2001-12-06T20:00:00,Thursday,Memphis Grizzlies,80,Minnesota Timberwolves,105,11379,,
2001-12-06T20:30:00,Thursday,Houston Rockets,82,Washington Wizards,85,11379,,
2001-12-06T21:00:00,Thursday,Milwaukee Bucks,95,Toronto Raptors,89,11379,,
2001-12-06T22:00:00,Thursday,Portland Trail Blazers,89,Charlotte Hornets,95,11379,,
2001-12-07T19:00:00,Friday,Toronto Raptors,98,Denver Nuggets,96,11379,OT,
2001-12-07T19:00:00,Friday,Indiana Pacers,98,Chicago Bulls,83,11379,,
2001-12-07T19:30:00,Friday,Boston Celtics,109,Phoenix Suns,102,11379,OT,
2001-12-07T19:30:00,Friday,Orlando Magic,129,Atlanta Hawks,94,11379,,
2001-12-07T19:30:00,Friday,New Jersey Nets,96,Cleveland Cavaliers,84,11379,,
2001-12-07T20:30:00,Friday,San Antonio Spurs,86,Philadelphia 76ers,76,11379,,
2001-12-07T22:00:00,Friday,Sacramento Kings,97,Los Angeles Lakers,91,11379,,
2001-12-07T22:00:00,Friday,Seattle SuperSonics,94,Miami Heat,98,11379,OT,
2001-12-07T22:30:00,Friday,Los Angeles Clippers,86,Utah Jazz,102,11379,,
2001-12-07T22:30:00,Friday,Golden State Warriors,89,Charlotte Hornets,106,11379,,
2001-12-08T19:00:00,Saturday,Atlanta Hawks,107,Orlando Magic,104,11379,,
2001-12-08T19:30:00,Saturday,Cleveland Cavaliers,109,Denver Nuggets,99,11379,,
2001-12-08T19:30:00,Saturday,New York Knicks,101,Indiana Pacers,99,11379,,
2001-12-08T20:00:00,Saturday,Minnesota Timberwolves,107,Houston Rockets,97,11379,,
2001-12-08T20:00:00,Saturday,Memphis Grizzlies,92,Philadelphia 76ers,83,11379,,
2001-12-08T20:30:00,Saturday,Dallas Mavericks,95,Washington Wizards,102,11379,,
2001-12-08T20:30:00,Saturday,Chicago Bulls,87,Boston Celtics,84,11379,,
2001-12-08T20:30:00,Saturday,Milwaukee Bucks,95,New Jersey Nets,79,11379,,
2001-12-08T21:00:00,Saturday,Utah Jazz,111,Golden State Warriors,101,11379,,
2001-12-08T22:00:00,Saturday,Portland Trail Blazers,113,Seattle SuperSonics,92,11379,,
2001-12-09T15:00:00,Sunday,Toronto Raptors,90,Phoenix Suns,91,11379,,
2001-12-09T18:00:00,Sunday,Detroit Pistons,105,Houston Rockets,77,11379,,
2001-12-09T21:00:00,Sunday,Los Angeles Clippers,89,Charlotte Hornets,78,11379,,
2001-12-09T21:00:00,Sunday,Sacramento Kings,95,Miami Heat,88,11379,,
2001-12-10T21:00:00,Monday,Utah Jazz,107,Dallas Mavericks,98,11379,,
2001-12-10T22:30:00,Monday,Los Angeles Clippers,100,Orlando Magic,92,11379,,
2001-12-11T19:30:00,Tuesday,New York Knicks,93,Boston Celtics,102,11379,OT,
2001-12-11T19:30:00,Tuesday,Miami Heat,99,Milwaukee Bucks,97,11379,,
2001-12-11T20:00:00,Tuesday,Memphis Grizzlies,81,Washington Wizards,91,11379,,
2001-12-11T20:00:00,Tuesday,Minnesota Timberwolves,107,Golden State Warriors,86,11379,,
2001-12-11T20:00:00,Tuesday,Atlanta Hawks,89,Philadelphia 76ers,87,11379,,
2001-12-11T20:30:00,Tuesday,Chicago Bulls,93,New Jersey Nets,107,11379,,
2001-12-11T20:30:00,Tuesday,Dallas Mavericks,105,Portland Trail Blazers,103,11379,,
2001-12-11T20:30:00,Tuesday,Houston Rockets,102,Cleveland Cavaliers,107,11379,,
2001-12-11T21:00:00,Tuesday,Denver Nuggets,96,Charlotte Hornets,99,11379,,
2001-12-11T22:00:00,Tuesday,Sacramento Kings,112,Orlando Magic,100,11379,,
2001-12-11T22:30:00,Tuesday,Los Angeles Lakers,93,Seattle SuperSonics,104,11379,,
2001-12-12T20:00:00,Wednesday,Washington Wizards,82,Miami Heat,80,11379,,
2001-12-12T20:00:00,Wednesday,San Antonio Spurs,108,Toronto Raptors,95,11379,,
2001-12-12T21:00:00,Wednesday,Utah Jazz,87,Minnesota Timberwolves,98,11379,,
2001-12-12T21:00:00,Wednesday,Phoenix Suns,114,Sacramento Kings,88,11379,,
2001-12-12T22:30:00,Wednesday,Los Angeles Clippers,114,Seattle SuperSonics,94,11379,,
2001-12-13T19:00:00,Thursday,Indiana Pacers,108,Houston Rockets,106,11379,OT,
2001-12-13T19:00:00,Thursday,Charlotte Hornets,104,Toronto Raptors,90,11379,,
2001-12-13T19:30:00,Thursday,Detroit Pistons,99,New York Knicks,97,11379,,
2001-12-13T20:30:00,Thursday,Dallas Mavericks,102,Cleveland Cavaliers,82,11379,,
2001-12-13T21:00:00,Thursday,Golden State Warriors,100,Orlando Magic,105,11379,,
2001-12-13T21:00:00,Thursday,Denver Nuggets,89,Memphis Grizzlies,86,11379,,
2001-12-14T19:00:00,Friday,Philadelphia 76ers,80,Milwaukee Bucks,96,11379,,
2001-12-14T19:00:00,Friday,Washington Wizards,96,New York Knicks,80,11379,,
2001-12-14T19:30:00,Friday,Boston Celtics,107,Chicago Bulls,101,11379,,
2001-12-14T19:30:00,Friday,Miami Heat,86,New Jersey Nets,95,11379,,
2001-12-14T20:00:00,Friday,Minnesota Timberwolves,114,Sacramento Kings,94,11379,,
2001-12-14T21:00:00,Friday,Utah Jazz,93,Portland Trail Blazers,85,11379,,
2001-12-14T21:00:00,Friday,Phoenix Suns,93,San Antonio Spurs,105,11379,,
2001-12-14T22:30:00,Friday,Los Angeles Lakers,110,Los Angeles Clippers,80,11379,,
2001-12-15T19:30:00,Saturday,Cleveland Cavaliers,91,Philadelphia 76ers,94,11379,,
2001-12-15T19:30:00,Saturday,Charlotte Hornets,97,Boston Celtics,106,11379,,
2001-12-15T20:30:00,Saturday,Milwaukee Bucks,115,Indiana Pacers,95,11379,,
2001-12-15T20:30:00,Saturday,Houston Rockets,73,Miami Heat,76,11379,,
2001-12-15T20:30:00,Saturday,Dallas Mavericks,125,Minnesota Timberwolves,117,11379,,
2001-12-15T20:30:00,Saturday,Chicago Bulls,79,Atlanta Hawks,80,11379,,
2001-12-15T20:30:00,Saturday,San Antonio Spurs,100,Utah Jazz,80,11379,,
2001-12-15T21:00:00,Saturday,Denver Nuggets,106,Phoenix Suns,98,11379,,
2001-12-15T22:00:00,Saturday,Portland Trail Blazers,117,Orlando Magic,106,11379,,
2001-12-15T22:30:00,Saturday,Golden State Warriors,93,Memphis Grizzlies,84,11379,,
2001-12-16T15:00:00,Sunday,Toronto Raptors,88,Washington Wizards,93,11379,,
2001-12-16T15:30:00,Sunday,Los Angeles Clippers,82,Detroit Pistons,77,11379,,
2001-12-16T19:00:00,Sunday,New York Knicks,96,New Jersey Nets,114,11379,,
2001-12-16T21:00:00,Sunday,Seattle SuperSonics,114,Orlando Magic,91,11379,,
2001-12-16T21:00:00,Sunday,Sacramento Kings,104,Memphis Grizzlies,87,11379,,
2001-12-16T21:30:00,Sunday,Los Angeles Lakers,101,Golden State Warriors,85,11379,,
2001-12-17T19:00:00,Monday,Philadelphia 76ers,99,Boston Celtics,83,11379,,
2001-12-18T19:00:00,Tuesday,Cleveland Cavaliers,102,Chicago Bulls,84,11379,,
2001-12-18T19:00:00,Tuesday,Charlotte Hornets,95,New York Knicks,100,11379,,
2001-12-18T19:30:00,Tuesday,Miami Heat,56,Utah Jazz,95,11379,,
2001-12-18T19:30:00,Tuesday,Atlanta Hawks,100,Indiana Pacers,103,11379,,
2001-12-18T20:00:00,Tuesday,Phoenix Suns,92,Los Angeles Clippers,96,11379,,
2001-12-18T20:00:00,Tuesday,Minnesota Timberwolves,103,Dallas Mavericks,107,11379,,
2001-12-18T20:00:00,Tuesday,Memphis Grizzlies,105,Milwaukee Bucks,114,11379,,
2001-12-18T20:30:00,Tuesday,Houston Rockets,92,Portland Trail Blazers,101,11379,,
2001-12-18T21:00:00,Tuesday,Denver Nuggets,93,San Antonio Spurs,102,11379,,
2001-12-18T22:00:00,Tuesday,Sacramento Kings,102,Detroit Pistons,98,11379,,
2001-12-19T19:00:00,Wednesday,Washington Wizards,103,Atlanta Hawks,76,11379,,
2001-12-19T19:00:00,Wednesday,Philadelphia 76ers,85,Charlotte Hornets,94,11379,,
2001-12-19T19:00:00,Wednesday,Boston Celtics,104,Cleveland Cavaliers,98,11379,,
2001-12-19T19:30:00,Wednesday,Orlando Magic,98,Utah Jazz,90,11379,,
2001-12-19T19:30:00,Wednesday,New Jersey Nets,117,Minnesota Timberwolves,112,11379,OT,
2001-12-19T20:00:00,Wednesday,Indiana Pacers,90,Toronto Raptors,102,11379,,
2001-12-19T20:30:00,Wednesday,San Antonio Spurs,97,Portland Trail Blazers,79,11379,,
2001-12-19T22:00:00,Wednesday,Seattle SuperSonics,104,Sacramento Kings,92,11379,,
2001-12-19T22:30:00,Wednesday,Golden State Warriors,101,Detroit Pistons,88,11379,,
2001-12-20T19:00:00,Thursday,Toronto Raptors,96,Chicago Bulls,91,11379,,
2001-12-20T19:30:00,Thursday,New York Knicks,88,Memphis Grizzlies,90,11379,,
2001-12-20T20:30:00,Thursday,Dallas Mavericks,113,Milwaukee Bucks,101,11379,,
2001-12-20T21:00:00,Thursday,Houston Rockets,101,Los Angeles Lakers,107,11379,,
2001-12-21T19:00:00,Friday,Indiana Pacers,100,New Jersey Nets,94,11379,,
2001-12-21T19:00:00,Friday,Philadelphia 76ers,94,Atlanta Hawks,83,11379,,
2001-12-21T19:30:00,Friday,Orlando Magic,75,Washington Wizards,93,11379,,
2001-12-21T19:30:00,Friday,Miami Heat,81,Cleveland Cavaliers,86,11379,OT,
2001-12-21T19:30:00,Friday,Boston Celtics,98,Utah Jazz,92,11379,,
2001-12-21T20:00:00,Friday,Minnesota Timberwolves,94,Charlotte Hornets,89,11379,,
2001-12-21T20:00:00,Friday,Memphis Grizzlies,114,Los Angeles Lakers,108,11379,,
2001-12-21T20:30:00,Friday,San Antonio Spurs,109,Denver Nuggets,74,11379,,
2001-12-21T22:00:00,Friday,Portland Trail Blazers,83,Detroit Pistons,81,11379,,
2001-12-21T22:30:00,Friday,Golden State Warriors,108,Seattle SuperSonics,111,11379,OT,
2001-12-22T19:00:00,Saturday,Atlanta Hawks,101,Charlotte Hornets,88,11379,,
2001-12-22T19:30:00,Saturday,Cleveland Cavaliers,103,Indiana Pacers,109,11379,,
2001-12-22T19:30:00,Saturday,New York Knicks,86,Washington Wizards,87,11379,,
2001-12-22T20:00:00,Saturday,New Jersey Nets,90,Utah Jazz,104,11379,,
2001-12-22T20:30:00,Saturday,Chicago Bulls,74,Minnesota Timberwolves,95,11379,,
2001-12-22T20:30:00,Saturday,Dallas Mavericks,102,Orlando Magic,80,11379,,
2001-12-22T20:30:00,Saturday,Houston Rockets,115,Milwaukee Bucks,110,11379,,
2001-12-22T21:00:00,Saturday,Denver Nuggets,101,Golden State Warriors,105,11379,,
2001-12-22T21:00:00,Saturday,Phoenix Suns,102,Portland Trail Blazers,90,11379,,
2001-12-22T22:00:00,Saturday,Seattle SuperSonics,117,Detroit Pistons,89,11379,,
2001-12-22T22:30:00,Saturday,Los Angeles Clippers,101,Sacramento Kings,85,11379,,
2001-12-23T15:00:00,Sunday,Toronto Raptors,83,Miami Heat,76,11379,,
2001-12-23T18:00:00,Sunday,Boston Celtics,85,Memphis Grizzlies,80,11379,,
2001-12-23T19:00:00,Sunday,San Antonio Spurs,91,Milwaukee Bucks,101,11379,,
2001-12-23T21:00:00,Sunday,Sacramento Kings,133,Phoenix Suns,101,11379,,
2001-12-25T18:00:00,Tuesday,New York Knicks,102,Toronto Raptors,94,11379,,
2001-12-25T20:30:00,Tuesday,Los Angeles Lakers,88,Philadelphia 76ers,82,11379,,
2001-12-26T19:00:00,Wednesday,Cleveland Cavaliers,89,New Jersey Nets,91,11379,,
2001-12-26T20:00:00,Wednesday,Milwaukee Bucks,107,Atlanta Hawks,97,11379,,
2001-12-26T20:00:00,Wednesday,San Antonio Spurs,123,Dallas Mavericks,126,11379,OT,
2001-12-26T20:00:00,Wednesday,Orlando Magic,82,Indiana Pacers,89,11379,,
2001-12-26T20:00:00,Wednesday,Memphis Grizzlies,107,Chicago Bulls,85,11379,,
2001-12-26T20:00:00,Wednesday,Charlotte Hornets,99,Washington Wizards,93,11379,,
2001-12-26T20:30:00,Wednesday,Houston Rockets,91,Phoenix Suns,97,11379,,
2001-12-26T21:00:00,Wednesday,Denver Nuggets,91,Minnesota Timberwolves,94,11379,,
2001-12-26T21:00:00,Wednesday,Utah Jazz,99,Boston Celtics,86,11379,,
2001-12-26T22:00:00,Wednesday,Sacramento Kings,89,Portland Trail Blazers,74,11379,,
2001-12-26T22:30:00,Wednesday,Golden State Warriors,101,Los Angeles Lakers,90,11379,,
2001-12-26T22:30:00,Wednesday,Los Angeles Clippers,86,Philadelphia 76ers,100,11379,,
2001-12-27T19:00:00,Thursday,Indiana Pacers,108,Washington Wizards,81,11379,,
2001-12-27T19:30:00,Thursday,Atlanta Hawks,100,Miami Heat,96,11379,,
2001-12-27T19:30:00,Thursday,Detroit Pistons,75,New Jersey Nets,88,11379,,
2001-12-27T20:30:00,Thursday,Dallas Mavericks,89,Chicago Bulls,74,11379,,
2001-12-27T21:00:00,Thursday,Phoenix Suns,84,Boston Celtics,82,11379,,
2001-12-27T21:00:00,Thursday,Portland Trail Blazers,87,Utah Jazz,99,11379,,
2001-12-27T22:30:00,Thursday,Seattle SuperSonics,101,Los Angeles Clippers,90,11379,,
2001-12-28T19:30:00,Friday,Miami Heat,86,Memphis Grizzlies,91,11379,,
2001-12-28T19:30:00,Friday,Cleveland Cavaliers,98,New York Knicks,88,11379,,
2001-12-28T19:30:00,Friday,Charlotte Hornets,89,Milwaukee Bucks,105,11379,,
2001-12-28T19:30:00,Friday,Orlando Magic,87,Detroit Pistons,78,11379,,
2001-12-28T21:00:00,Friday,Denver Nuggets,93,Philadelphia 76ers,90,11379,,
2001-12-28T22:00:00,Friday,Sacramento Kings,125,Minnesota Timberwolves,111,11379,,
2001-12-28T22:30:00,Friday,Los Angeles Lakers,86,Toronto Raptors,89,11379,,
2001-12-28T22:30:00,Friday,Golden State Warriors,93,Houston Rockets,100,11379,,
2001-12-29T15:30:00,Saturday,Los Angeles Clippers,103,Boston Celtics,105,11379,OT,
2001-12-29T19:00:00,Saturday,Washington Wizards,107,Charlotte Hornets,90,11379,,
2001-12-29T19:30:00,Saturday,New Jersey Nets,98,Indiana Pacers,93,11379,OT,
2001-12-29T20:30:00,Saturday,Chicago Bulls,103,Cleveland Cavaliers,80,11379,,
2001-12-29T20:30:00,Saturday,Milwaukee Bucks,102,San Antonio Spurs,99,11379,OT,
2001-12-29T20:30:00,Saturday,Dallas Mavericks,113,Atlanta Hawks,97,11379,,
2001-12-29T21:00:00,Saturday,Utah Jazz,89,Philadelphia 76ers,81,11379,,
2001-12-29T21:00:00,Saturday,Phoenix Suns,109,Denver Nuggets,92,11379,,
2001-12-29T22:00:00,Saturday,Seattle SuperSonics,101,Toronto Raptors,75,11379,,
2001-12-30T18:00:00,Sunday,Detroit Pistons,86,Miami Heat,80,11379,,
2001-12-30T19:00:00,Sunday,Memphis Grizzlies,79,San Antonio Spurs,83,11379,,
2001-12-30T19:00:00,Sunday,New York Knicks,90,Orlando Magic,94,11379,,
2001-12-30T21:00:00,Sunday,Sacramento Kings,109,Boston Celtics,94,11379,,
2001-12-30T21:30:00,Sunday,Los Angeles Lakers,114,Houston Rockets,90,11379,,
2001-12-30T22:00:00,Sunday,Portland Trail Blazers,93,Minnesota Timberwolves,95,11379,,
2001-12-31T15:30:00,Monday,Chicago Bulls,90,Milwaukee Bucks,83,11379,,
2001-12-31T19:00:00,Monday,Indiana Pacers,87,Miami Heat,89,11379,,
2001-12-31T20:30:00,Monday,Washington Wizards,98,New Jersey Nets,76,11379,,
2002-01-01T21:00:00,Tuesday,Los Angeles Clippers,112,Portland Trail Blazers,97,18964,,
2002-01-02T19:00:00,Wednesday,Cleveland Cavaliers,113,Golden State Warriors,98,18964,,
2002-01-02T19:00:00,Wednesday,Boston Celtics,110,Orlando Magic,94,18964,,
2002-01-02T19:30:00,Wednesday,New Jersey Nets,92,Memphis Grizzlies,74,18964,,
2002-01-02T20:00:00,Wednesday,Minnesota Timberwolves,95,Milwaukee Bucks,77,18964,,
2002-01-02T20:30:00,Wednesday,San Antonio Spurs,97,Detroit Pistons,85,18964,,
2002-01-02T20:30:00,Wednesday,Chicago Bulls,97,Dallas Mavericks,107,18964,,
2002-01-02T21:00:00,Wednesday,Denver Nuggets,86,Los Angeles Lakers,87,18964,,
2002-01-02T21:00:00,Wednesday,Phoenix Suns,81,Philadelphia 76ers,102,18964,,
2002-01-02T22:00:00,Wednesday,Portland Trail Blazers,84,Toronto Raptors,95,18964,,
2002-01-02T22:00:00,Wednesday,Sacramento Kings,105,Los Angeles Clippers,91,18964,,
2002-01-03T19:00:00,Thursday,Charlotte Hornets,114,Golden State Warriors,102,18964,,
2002-01-03T19:30:00,Thursday,New York Knicks,108,Dallas Mavericks,101,18964,OT,
2002-01-03T20:30:00,Thursday,Houston Rockets,99,Detroit Pistons,97,18964,,
2002-01-04T19:00:00,Friday,Washington Wizards,89,Chicago Bulls,83,18964,,
2002-01-04T19:00:00,Friday,Toronto Raptors,101,Cleveland Cavaliers,91,18964,,
2002-01-04T19:30:00,Friday,New Jersey Nets,96,Orlando Magic,109,18964,,
2002-01-04T19:30:00,Friday,Boston Celtics,66,Miami Heat,89,18964,,
2002-01-04T20:00:00,Friday,Minnesota Timberwolves,93,Utah Jazz,86,18964,,
2002-01-04T20:00:00,Friday,Memphis Grizzlies,109,Atlanta Hawks,113,18964,,
2002-01-04T20:30:00,Friday,San Antonio Spurs,82,Indiana Pacers,92,18964,,
2002-01-04T21:00:00,Friday,Denver Nuggets,80,Los Angeles Clippers,82,18964,,
2002-01-04T22:00:00,Friday,Seattle SuperSonics,77,Philadelphia 76ers,87,18964,,
2002-01-04T22:30:00,Friday,Los Angeles Lakers,118,Phoenix Suns,86,18964,,
2002-01-05T19:00:00,Saturday,Atlanta Hawks,96,Minnesota Timberwolves,112,18964,,
2002-01-05T19:30:00,Saturday,Orlando Magic,118,Golden State Warriors,109,18964,,
2002-01-05T19:30:00,Saturday,Charlotte Hornets,80,New Jersey Nets,89,18964,,
2002-01-05T19:30:00,Saturday,Detroit Pistons,101,Cleveland Cavaliers,91,18964,,
2002-01-05T19:30:00,Saturday,New York Knicks,81,Boston Celtics,90,18964,,
2002-01-05T20:30:00,Saturday,Houston Rockets,79,Indiana Pacers,81,18964,,
2002-01-05T20:30:00,Saturday,Dallas Mavericks,103,San Antonio Spurs,105,18964,,
2002-01-05T20:30:00,Saturday,Chicago Bulls,111,Utah Jazz,113,18964,OT,
2002-01-05T21:00:00,Saturday,Phoenix Suns,112,Sacramento Kings,118,18964,,
2002-01-05T22:00:00,Saturday,Portland Trail Blazers,96,Philadelphia 76ers,88,18964,,
2002-01-05T22:30:00,Saturday,Los Angeles Clippers,86,Milwaukee Bucks,83,18964,,
2002-01-06T15:00:00,Sunday,Memphis Grizzlies,77,Seattle SuperSonics,89,18964,,
2002-01-06T15:00:00,Sunday,Toronto Raptors,89,Los Angeles Lakers,109,18964,,
2002-01-06T19:30:00,Sunday,Miami Heat,92,Golden State Warriors,84,18964,,
2002-01-06T21:00:00,Sunday,Sacramento Kings,115,Milwaukee Bucks,101,18964,,
2002-01-07T19:00:00,Monday,Philadelphia 76ers,116,Los Angeles Clippers,92,18964,,
2002-01-07T19:00:00,Monday,Charlotte Hornets,94,Denver Nuggets,80,18964,,
2002-01-07T19:00:00,Monday,Cleveland Cavaliers,72,Portland Trail Blazers,98,18964,,
2002-01-07T19:30:00,Monday,Orlando Magic,98,Boston Celtics,87,18964,,
2002-01-07T20:00:00,Monday,Minnesota Timberwolves,109,Detroit Pistons,93,18964,,
2002-01-07T20:30:00,Monday,San Antonio Spurs,90,New York Knicks,79,18964,,
2002-01-07T20:30:00,Monday,Chicago Bulls,88,Seattle SuperSonics,100,18964,,
2002-01-08T19:00:00,Tuesday,Washington Wizards,96,Los Angeles Clippers,88,18964,,
2002-01-08T19:30:00,Tuesday,New Jersey Nets,104,Miami Heat,95,18964,,
2002-01-08T19:30:00,Tuesday,Atlanta Hawks,101,Portland Trail Blazers,92,18964,,
2002-01-08T20:00:00,Tuesday,Detroit Pistons,92,Los Angeles Lakers,121,18964,,
2002-01-08T20:00:00,Tuesday,Memphis Grizzlies,84,Toronto Raptors,81,18964,,
2002-01-08T20:30:00,Tuesday,Dallas Mavericks,95,Denver Nuggets,94,18964,,
2002-01-08T20:30:00,Tuesday,Houston Rockets,88,New York Knicks,86,18964,,
2002-01-08T21:00:00,Tuesday,Utah Jazz,98,Phoenix Suns,84,18964,,
2002-01-08T22:30:00,Tuesday,Golden State Warriors,97,Milwaukee Bucks,113,18964,,
2002-01-09T19:00:00,Wednesday,Boston Celtics,90,San Antonio Spurs,93,18964,,
2002-01-09T19:00:00,Wednesday,Indiana Pacers,90,Los Angeles Lakers,109,18964,,
2002-01-09T19:00:00,Wednesday,Charlotte Hornets,111,Atlanta Hawks,87,18964,,
2002-01-09T20:00:00,Wednesday,Philadelphia 76ers,91,Orlando Magic,102,18964,,
2002-01-09T20:00:00,Wednesday,Minnesota Timberwolves,111,Seattle SuperSonics,106,18964,,
2002-01-09T20:30:00,Wednesday,Chicago Bulls,73,Toronto Raptors,85,18964,,
2002-01-10T19:30:00,Thursday,Miami Heat,85,Portland Trail Blazers,92,18964,,
2002-01-10T19:30:00,Thursday,New Jersey Nets,108,Los Angeles Clippers,89,18964,,
2002-01-10T21:00:00,Thursday,Dallas Mavericks,111,New York Knicks,89,18964,,
2002-01-10T21:00:00,Thursday,Denver Nuggets,96,Cleveland Cavaliers,91,18964,,
2002-01-10T21:00:00,Thursday,Phoenix Suns,96,Memphis Grizzlies,102,18964,,
2002-01-10T21:00:00,Thursday,Utah Jazz,83,Houston Rockets,79,18964,,
2002-01-11T19:00:00,Friday,Indiana Pacers,97,Chicago Bulls,90,18964,,
2002-01-11T19:00:00,Friday,Toronto Raptors,94,Atlanta Hawks,91,18964,OT,
2002-01-11T19:00:00,Friday,Philadelphia 76ers,101,San Antonio Spurs,84,18964,,
2002-01-11T19:30:00,Friday,Charlotte Hornets,92,Los Angeles Clippers,91,18964,OT,
2002-01-11T19:30:00,Friday,Orlando Magic,84,Portland Trail Blazers,92,18964,,
2002-01-11T19:30:00,Friday,Boston Celtics,104,Detroit Pistons,90,18964,,
2002-01-11T20:00:00,Friday,Minnesota Timberwolves,120,Los Angeles Lakers,102,18964,,
2002-01-11T20:30:00,Friday,Milwaukee Bucks,105,Washington Wizards,86,18964,,
2002-01-11T22:00:00,Friday,Seattle SuperSonics,102,Cleveland Cavaliers,100,18964,,
2002-01-12T19:00:00,Saturday,Washington Wizards,100,Minnesota Timberwolves,108,18964,,
2002-01-12T19:00:00,Saturday,Atlanta Hawks,91,Boston Celtics,115,18964,,
2002-01-12T19:30:00,Saturday,Orlando Magic,85,New Jersey Nets,91,18964,,
2002-01-12T19:30:00,Saturday,New York Knicks,97,Milwaukee Bucks,102,18964,,
2002-01-12T19:30:00,Saturday,Detroit Pistons,104,Charlotte Hornets,76,18964,,
2002-01-12T20:30:00,Saturday,Chicago Bulls,106,Los Angeles Lakers,104,18964,OT,
2002-01-12T20:30:00,Saturday,Houston Rockets,98,Denver Nuggets,86,18964,,
2002-01-12T20:30:00,Saturday,Dallas Mavericks,111,Indiana Pacers,102,18964,,
2002-01-12T21:00:00,Saturday,Utah Jazz,95,Memphis Grizzlies,97,18964,2OT,
2002-01-12T21:00:00,Saturday,Phoenix Suns,108,Miami Heat,74,18964,,
2002-01-13T15:00:00,Sunday,Toronto Raptors,72,Los Angeles Clippers,79,18964,,
2002-01-13T21:00:00,Sunday,Sacramento Kings,103,Phoenix Suns,100,18964,,
2002-01-13T22:00:00,Sunday,Portland Trail Blazers,96,Cleveland Cavaliers,64,18964,,
2002-01-14T19:30:00,Monday,Orlando Magic,113,Dallas Mavericks,87,18964,,
2002-01-14T19:30:00,Monday,New Jersey Nets,99,San Antonio Spurs,97,18964,,
2002-01-14T21:00:00,Monday,Utah Jazz,106,Denver Nuggets,97,18964,,
2002-01-14T22:30:00,Monday,Golden State Warriors,79,Miami Heat,85,18964,,
2002-01-14T22:30:00,Monday,Los Angeles Lakers,120,Memphis Grizzlies,81,18964,,
2002-01-15T19:00:00,Tuesday,Philadelphia 76ers,112,Houston Rockets,106,18964,OT,
2002-01-15T19:00:00,Tuesday,Indiana Pacers,102,Milwaukee Bucks,106,18964,,
2002-01-15T19:30:00,Tuesday,Atlanta Hawks,107,Dallas Mavericks,116,18964,,
2002-01-15T19:30:00,Tuesday,Detroit Pistons,90,Toronto Raptors,92,18964,,
2002-01-15T20:00:00,Tuesday,Minnesota Timberwolves,97,Los Angeles Clippers,83,18964,,
2002-01-15T20:00:00,Tuesday,Washington Wizards,91,San Antonio Spurs,96,18964,,
2002-01-15T20:30:00,Tuesday,Chicago Bulls,86,Charlotte Hornets,94,18964,,
2002-01-15T22:00:00,Tuesday,Sacramento Kings,109,Cleveland Cavaliers,102,18964,,
2002-01-16T19:00:00,Wednesday,Boston Celtics,101,New York Knicks,100,18964,,
2002-01-16T19:00:00,Wednesday,Toronto Raptors,109,Houston Rockets,103,18964,,
2002-01-16T19:30:00,Wednesday,New Jersey Nets,111,Washington Wizards,67,18964,,
2002-01-16T20:00:00,Wednesday,Denver Nuggets,107,Sacramento Kings,112,18964,,
2002-01-16T20:00:00,Wednesday,Milwaukee Bucks,105,Indiana Pacers,100,18964,,
2002-01-16T21:00:00,Wednesday,Utah Jazz,95,Seattle SuperSonics,80,18964,,
2002-01-16T21:00:00,Wednesday,Phoenix Suns,99,Portland Trail Blazers,108,18964,,
2002-01-16T22:30:00,Wednesday,Los Angeles Lakers,96,Miami Heat,102,18964,,
2002-01-16T22:30:00,Wednesday,Golden State Warriors,117,Cleveland Cavaliers,88,18964,,
2002-01-17T19:00:00,Thursday,Charlotte Hornets,88,Philadelphia 76ers,93,18964,,
2002-01-17T19:30:00,Thursday,Atlanta Hawks,91,Chicago Bulls,94,18964,,
2002-01-17T20:00:00,Thursday,Memphis Grizzlies,97,Dallas Mavericks,108,18964,,
2002-01-17T21:00:00,Thursday,San Antonio Spurs,102,Utah Jazz,98,18964,,
2002-01-17T22:00:00,Thursday,Portland Trail Blazers,90,Miami Heat,92,18964,OT,
2002-01-18T19:00:00,Friday,Toronto Raptors,89,New Jersey Nets,77,18964,,
2002-01-18T19:00:00,Friday,Indiana Pacers,93,Detroit Pistons,96,18964,,
2002-01-18T19:30:00,Friday,Boston Celtics,101,Houston Rockets,104,18964,,
2002-01-18T20:30:00,Friday,Milwaukee Bucks,115,Orlando Magic,110,18964,,
2002-01-18T21:00:00,Friday,Denver Nuggets,96,Seattle SuperSonics,90,18964,,
2002-01-18T21:00:00,Friday,Phoenix Suns,103,Minnesota Timberwolves,100,18964,OT,
2002-01-18T22:00:00,Friday,Sacramento Kings,121,Golden State Warriors,97,18964,,
2002-01-18T22:30:00,Friday,Los Angeles Clippers,109,Cleveland Cavaliers,103,18964,,
2002-01-19T13:00:00,Saturday,Chicago Bulls,69,Washington Wizards,77,18964,,
2002-01-19T13:00:00,Saturday,San Antonio Spurs,81,Los Angeles Lakers,98,18964,,
2002-01-19T19:00:00,Saturday,Atlanta Hawks,107,Milwaukee Bucks,116,18964,,
2002-01-19T19:00:00,Saturday,Philadelphia 76ers,97,New York Knicks,89,18964,,
2002-01-19T19:30:00,Saturday,Detroit Pistons,94,Boston Celtics,91,18964,,
2002-01-19T19:30:00,Saturday,Charlotte Hornets,89,Toronto Raptors,91,18964,,
2002-01-19T20:00:00,Saturday,New Jersey Nets,99,Houston Rockets,90,18964,,
2002-01-19T21:00:00,Saturday,Miami Heat,100,Indiana Pacers,88,18964,,
2002-01-19T21:00:00,Saturday,Dallas Mavericks,106,Utah Jazz,103,18964,,
2002-01-19T21:00:00,Saturday,Memphis Grizzlies,103,Orlando Magic,119,18964,,
2002-01-19T22:00:00,Saturday,Portland Trail Blazers,113,Los Angeles Clippers,93,18964,,
2002-01-19T22:00:00,Saturday,Seattle SuperSonics,104,Denver Nuggets,77,18964,,
2002-01-19T22:30:00,Saturday,Golden State Warriors,102,Minnesota Timberwolves,105,18964,,
2002-01-21T13:00:00,Monday,New York Knicks,68,Charlotte Hornets,111,18964,,
2002-01-21T14:00:00,Monday,Atlanta Hawks,95,Houston Rockets,91,18964,,
2002-01-21T14:00:00,Monday,Philadelphia 76ers,98,Seattle SuperSonics,109,18964,,
2002-01-21T15:00:00,Monday,Dallas Mavericks,113,New Jersey Nets,105,18964,,
2002-01-21T15:00:00,Monday,Detroit Pistons,79,Milwaukee Bucks,97,18964,,
2002-01-21T15:30:00,Monday,Chicago Bulls,81,Indiana Pacers,93,18964,,
2002-01-21T16:00:00,Monday,Golden State Warriors,99,Utah Jazz,101,18964,,
2002-01-21T18:00:00,Monday,Minnesota Timberwolves,105,Washington Wizards,101,18964,,
2002-01-21T19:00:00,Monday,Cleveland Cavaliers,93,Miami Heat,95,18964,OT,
2002-01-21T19:30:00,Monday,Boston Celtics,106,Toronto Raptors,97,18964,,
2002-01-21T22:00:00,Monday,Sacramento Kings,112,Memphis Grizzlies,98,18964,,
2002-01-21T22:30:00,Monday,Los Angeles Clippers,102,Denver Nuggets,89,18964,,
2002-01-22T19:30:00,Tuesday,Miami Heat,92,Chicago Bulls,79,18964,,
2002-01-22T19:30:00,Tuesday,Orlando Magic,100,Atlanta Hawks,86,18964,,
2002-01-22T20:00:00,Tuesday,Milwaukee Bucks,81,Phoenix Suns,92,18964,,
2002-01-22T20:00:00,Tuesday,Washington Wizards,84,Philadelphia 76ers,91,18964,,
2002-01-22T20:30:00,Tuesday,Houston Rockets,107,Dallas Mavericks,113,18964,,
2002-01-22T20:30:00,Tuesday,San Antonio Spurs,86,New Jersey Nets,92,18964,,
2002-01-22T22:30:00,Tuesday,Los Angeles Lakers,91,Denver Nuggets,107,18964,,
2002-01-22T22:30:00,Tuesday,Portland Trail Blazers,116,Sacramento Kings,110,18964,OT,
2002-01-23T19:00:00,Wednesday,Boston Celtics,98,Indiana Pacers,94,18964,,
2002-01-23T19:00:00,Wednesday,Charlotte Hornets,111,Seattle SuperSonics,101,18964,,
2002-01-23T19:30:00,Wednesday,Detroit Pistons,104,Minnesota Timberwolves,83,18964,,
2002-01-23T20:00:00,Wednesday,Toronto Raptors,92,New York Knicks,96,18964,,
2002-01-23T21:00:00,Wednesday,Utah Jazz,92,San Antonio Spurs,98,18964,,
2002-01-23T22:30:00,Wednesday,Los Angeles Clippers,95,Los Angeles Lakers,90,18964,,
2002-01-23T22:30:00,Wednesday,Golden State Warriors,107,Memphis Grizzlies,95,18964,,
2002-01-24T19:00:00,Thursday,Washington Wizards,94,Cleveland Cavaliers,85,18964,,
2002-01-24T19:30:00,Thursday,Orlando Magic,92,Miami Heat,87,18964,,
2002-01-24T19:30:00,Thursday,New York Knicks,96,Phoenix Suns,91,18964,,
2002-01-24T20:00:00,Thursday,Milwaukee Bucks,88,Seattle SuperSonics,99,18964,,
2002-01-24T20:30:00,Thursday,Houston Rockets,98,New Jersey Nets,103,18964,,
2002-01-24T21:00:00,Thursday,Denver Nuggets,97,Dallas Mavericks,104,18964,,
2002-01-24T21:00:00,Thursday,Sacramento Kings,113,Utah Jazz,80,18964,,
2002-01-24T22:00:00,Thursday,Portland Trail Blazers,120,Memphis Grizzlies,82,18964,,
2002-01-25T19:00:00,Friday,Indiana Pacers,90,Charlotte Hornets,81,18964,,
2002-01-25T19:00:00,Friday,Toronto Raptors,107,Minnesota Timberwolves,100,18964,,
2002-01-25T19:30:00,Friday,Atlanta Hawks,90,Detroit Pistons,107,18964,,
2002-01-25T19:30:00,Friday,Boston Celtics,90,Philadelphia 76ers,106,18964,,
2002-01-25T22:30:00,Friday,Los Angeles Lakers,94,San Antonio Spurs,91,18964,,
2002-01-26T12:30:00,Saturday,Miami Heat,90,New Jersey Nets,77,18964,,
2002-01-26T15:00:00,Saturday,Milwaukee Bucks,127,New York Knicks,129,18964,2OT,
2002-01-26T17:30:00,Saturday,Utah Jazz,90,Sacramento Kings,114,18964,,
2002-01-26T20:00:00,Saturday,Indiana Pacers,86,Seattle SuperSonics,95,18964,,
2002-01-26T20:00:00,Saturday,Charlotte Hornets,104,Houston Rockets,111,18964,OT,
2002-01-26T20:00:00,Saturday,Cleveland Cavaliers,101,Boston Celtics,108,18964,,
2002-01-26T20:00:00,Saturday,Minnesota Timberwolves,103,Atlanta Hawks,80,18964,,
2002-01-26T20:00:00,Saturday,Washington Wizards,112,Phoenix Suns,102,18964,,
2002-01-26T20:30:00,Saturday,Chicago Bulls,95,Memphis Grizzlies,92,18964,,
2002-01-26T22:30:00,Saturday,Los Angeles Clippers,112,Dallas Mavericks,133,18964,,
2002-01-26T22:30:00,Saturday,Golden State Warriors,82,San Antonio Spurs,90,18964,,
2002-01-27T12:00:00,Sunday,Philadelphia 76ers,93,Los Angeles Lakers,87,18964,,
2002-01-27T14:30:00,Sunday,Toronto Raptors,106,Orlando Magic,97,18964,,
2002-01-28T20:00:00,Monday,Memphis Grizzlies,119,Los Angeles Clippers,115,18964,OT,
2002-01-28T21:00:00,Monday,Utah Jazz,101,Miami Heat,89,18964,,
2002-01-29T19:00:00,Tuesday,Cleveland Cavaliers,114,Minnesota Timberwolves,81,18964,,
2002-01-29T19:00:00,Tuesday,Washington Wizards,86,Detroit Pistons,89,18964,,
2002-01-29T19:30:00,Tuesday,New York Knicks,78,Philadelphia 76ers,71,18964,,
2002-01-29T19:30:00,Tuesday,Atlanta Hawks,93,Los Angeles Lakers,127,18964,,
2002-01-29T20:00:00,Tuesday,Dallas Mavericks,100,Los Angeles Clippers,117,18964,,
2002-01-29T20:00:00,Tuesday,Milwaukee Bucks,109,Boston Celtics,90,18964,,
2002-01-29T20:30:00,Tuesday,San Antonio Spurs,73,Charlotte Hornets,78,18964,,
2002-01-29T20:30:00,Tuesday,Houston Rockets,100,Golden State Warriors,96,18964,OT,
2002-01-29T21:00:00,Tuesday,Denver Nuggets,94,Miami Heat,100,18964,OT,
2002-01-29T21:00:00,Tuesday,Phoenix Suns,91,Chicago Bulls,90,18964,,
2002-01-29T22:00:00,Tuesday,Seattle SuperSonics,86,Portland Trail Blazers,92,18964,,
2002-01-30T19:00:00,Wednesday,Indiana Pacers,83,Memphis Grizzlies,82,18964,,
2002-01-30T19:00:00,Wednesday,Philadelphia 76ers,96,Minnesota Timberwolves,91,18964,,
2002-01-30T19:30:00,Wednesday,Detroit Pistons,88,Atlanta Hawks,71,18964,,
2002-01-30T20:00:00,Wednesday,Orlando Magic,93,Los Angeles Lakers,111,18964,,
2002-01-30T21:00:00,Wednesday,Utah Jazz,90,Chicago Bulls,78,18964,,
2002-01-31T19:00:00,Thursday,Cleveland Cavaliers,92,Washington Wizards,93,18964,,
2002-01-31T19:30:00,Thursday,New Jersey Nets,125,Milwaukee Bucks,100,18964,,
2002-01-31T20:00:00,Thursday,Toronto Raptors,97,Boston Celtics,92,18964,,
2002-01-31T20:30:00,Thursday,San Antonio Spurs,87,Los Angeles Clippers,91,18964,,
2002-01-31T21:00:00,Thursday,Dallas Mavericks,95,Houston Rockets,91,18964,,
2002-01-31T22:00:00,Thursday,Portland Trail Blazers,105,Phoenix Suns,97,18964,,
2002-01-31T22:00:00,Thursday,Seattle SuperSonics,95,Sacramento Kings,99,18964,,
2002-02-01T19:00:00,Friday,Washington Wizards,97,Atlanta Hawks,90,18345,,
2002-02-01T19:00:00,Friday,Indiana Pacers,92,New York Knicks,87,18345,,
2002-02-01T19:30:00,Friday,Boston Celtics,95,Minnesota Timberwolves,98,18345,OT,
2002-02-01T19:30:00,Friday,Miami Heat,88,San Antonio Spurs,83,18345,,
2002-02-01T20:00:00,Friday,Detroit Pistons,83,Orlando Magic,85,18345,,
2002-02-01T20:00:00,Friday,Memphis Grizzlies,85,Los Angeles Lakers,100,18345,,
2002-02-01T20:30:00,Friday,Houston Rockets,72,Charlotte Hornets,73,18345,,
2002-02-01T21:00:00,Friday,Phoenix Suns,104,Golden State Warriors,98,18345,,
2002-02-01T22:00:00,Friday,Sacramento Kings,132,Denver Nuggets,96,18345,,
2002-02-02T12:30:00,Saturday,New Jersey Nets,98,Toronto Raptors,91,18345,,
2002-02-02T15:00:00,Saturday,Utah Jazz,97,Portland Trail Blazers,96,18345,,
2002-02-02T17:30:00,Saturday,Milwaukee Bucks,81,Philadelphia 76ers,86,18345,,
2002-02-02T19:00:00,Saturday,Atlanta Hawks,101,Los Angeles Clippers,94,18345,,
2002-02-02T20:00:00,Saturday,Seattle SuperSonics,91,Chicago Bulls,97,18345,,
2002-02-02T20:00:00,Saturday,Cleveland Cavaliers,107,Detroit Pistons,115,18345,,
2002-02-03T12:00:00,Sunday,New York Knicks,83,Miami Heat,94,18345,,
2002-02-03T12:00:00,Sunday,Orlando Magic,98,San Antonio Spurs,105,18345,OT,
2002-02-03T12:00:00,Sunday,Washington Wizards,109,Indiana Pacers,89,18345,,
2002-02-03T14:30:00,Sunday,Dallas Mavericks,94,Los Angeles Lakers,101,18345,,
2002-02-03T14:30:00,Sunday,Minnesota Timberwolves,107,Sacramento Kings,112,18345,,
2002-02-03T15:00:00,Sunday,Memphis Grizzlies,79,Charlotte Hornets,97,18345,,
2002-02-03T15:00:00,Sunday,Boston Celtics,104,Los Angeles Clippers,91,18345,,
2002-02-03T21:00:00,Sunday,Golden State Warriors,97,Phoenix Suns,98,18345,,
2002-02-03T22:00:00,Sunday,Portland Trail Blazers,101,Chicago Bulls,96,18345,,
2002-02-04T19:00:00,Monday,Philadelphia 76ers,93,Toronto Raptors,100,18345,,
2002-02-04T19:30:00,Monday,New Jersey Nets,117,Sacramento Kings,83,18345,,
2002-02-04T20:30:00,Monday,Houston Rockets,104,Utah Jazz,97,18345,,
2002-02-04T20:30:00,Monday,San Antonio Spurs,113,Minnesota Timberwolves,83,18345,,
2002-02-05T19:00:00,Tuesday,Charlotte Hornets,79,Boston Celtics,82,18345,,
2002-02-05T19:30:00,Tuesday,Detroit Pistons,86,Philadelphia 76ers,82,18345,,
2002-02-05T19:30:00,Tuesday,Orlando Magic,106,Cleveland Cavaliers,98,18345,,
2002-02-05T19:30:00,Tuesday,Miami Heat,73,Atlanta Hawks,76,18345,,
2002-02-05T19:30:00,Tuesday,New York Knicks,110,Los Angeles Clippers,112,18345,,
2002-02-05T20:00:00,Tuesday,Washington Wizards,99,Toronto Raptors,94,18345,,
2002-02-05T20:00:00,Tuesday,Memphis Grizzlies,86,Utah Jazz,79,18345,,
2002-02-05T20:00:00,Tuesday,Indiana Pacers,140,Dallas Mavericks,141,18345,2OT,
2002-02-05T21:00:00,Tuesday,Denver Nuggets,97,Portland Trail Blazers,96,18345,,
2002-02-05T22:30:00,Tuesday,Golden State Warriors,87,Seattle SuperSonics,113,18345,,
2002-02-06T19:00:00,Wednesday,Cleveland Cavaliers,111,Houston Rockets,109,18345,,
2002-02-06T19:00:00,Wednesday,Boston Celtics,85,Sacramento Kings,102,18345,,
2002-02-06T19:30:00,Wednesday,New Jersey Nets,100,Dallas Mavericks,112,18345,,
2002-02-06T20:00:00,Wednesday,Minnesota Timberwolves,113,Portland Trail Blazers,103,18345,,
2002-02-06T22:00:00,Wednesday,Seattle SuperSonics,90,Phoenix Suns,79,18345,,
2002-02-06T22:30:00,Wednesday,Los Angeles Lakers,89,Chicago Bulls,97,18345,,
2002-02-07T19:00:00,Thursday,Charlotte Hornets,93,Philadelphia 76ers,100,18345,,
2002-02-07T19:00:00,Thursday,Washington Wizards,108,Sacramento Kings,101,18345,,
2002-02-07T19:30:00,Thursday,Detroit Pistons,105,Los Angeles Clippers,92,18345,,
2002-02-07T19:30:00,Thursday,New York Knicks,92,Atlanta Hawks,89,18345,,
2002-02-07T20:00:00,Thursday,Milwaukee Bucks,107,Memphis Grizzlies,103,18345,,
2002-02-07T20:00:00,Thursday,Toronto Raptors,80,San Antonio Spurs,74,18345,OT,
2002-02-12T19:00:00,Tuesday,Cleveland Cavaliers,99,Toronto Raptors,81,18345,,
2002-02-12T19:00:00,Tuesday,Indiana Pacers,82,Utah Jazz,98,18345,,
2002-02-12T19:30:00,Tuesday,Atlanta Hawks,105,New Jersey Nets,103,18345,,
2002-02-12T19:30:00,Tuesday,Detroit Pistons,71,Phoenix Suns,99,18345,,
2002-02-12T20:00:00,Tuesday,Orlando Magic,122,New York Knicks,114,18345,,
2002-02-12T20:30:00,Tuesday,Chicago Bulls,96,Milwaukee Bucks,92,18345,,
2002-02-12T20:30:00,Tuesday,Houston Rockets,85,Memphis Grizzlies,78,18345,,
2002-02-12T21:00:00,Tuesday,Denver Nuggets,93,Boston Celtics,110,18345,,
2002-02-12T22:00:00,Tuesday,Seattle SuperSonics,106,Dallas Mavericks,112,18345,,
2002-02-12T22:30:00,Tuesday,Sacramento Kings,99,San Antonio Spurs,86,18345,,
2002-02-12T22:30:00,Tuesday,Los Angeles Lakers,103,Washington Wizards,94,18345,,
2002-02-13T19:00:00,Wednesday,Charlotte Hornets,113,Chicago Bulls,91,18345,,
2002-02-13T19:30:00,Wednesday,Miami Heat,112,Orlando Magic,95,18345,,
2002-02-13T19:30:00,Wednesday,New York Knicks,89,Toronto Raptors,82,18345,,
2002-02-13T20:00:00,Wednesday,Milwaukee Bucks,107,Cleveland Cavaliers,115,18345,,
2002-02-13T20:00:00,Wednesday,Minnesota Timberwolves,107,Phoenix Suns,92,18345,,
2002-02-13T22:00:00,Wednesday,Portland Trail Blazers,114,Dallas Mavericks,103,18345,,
2002-02-13T22:30:00,Wednesday,Golden State Warriors,92,Boston Celtics,75,18345,,
2002-02-14T19:00:00,Thursday,Philadelphia 76ers,91,Utah Jazz,98,18345,,
2002-02-14T19:30:00,Thursday,New Jersey Nets,80,Detroit Pistons,85,18345,,
2002-02-14T20:00:00,Thursday,Memphis Grizzlies,85,Denver Nuggets,100,18345,,
2002-02-14T21:00:00,Thursday,Sacramento Kings,109,Washington Wizards,93,18345,,
2002-02-14T22:00:00,Thursday,Seattle SuperSonics,87,Los Angeles Lakers,92,18345,,
2002-02-14T22:30:00,Thursday,Los Angeles Clippers,76,San Antonio Spurs,89,18345,,
2002-02-15T19:00:00,Friday,Toronto Raptors,85,Utah Jazz,94,18345,,
2002-02-15T19:30:00,Friday,New York Knicks,90,Detroit Pistons,101,18345,,
2002-02-15T19:30:00,Friday,Charlotte Hornets,116,Indiana Pacers,106,18345,,
2002-02-15T20:00:00,Friday,Minnesota Timberwolves,98,Denver Nuggets,99,18345,,
2002-02-15T20:30:00,Friday,Milwaukee Bucks,88,Miami Heat,90,18345,OT,
2002-02-15T20:30:00,Friday,Chicago Bulls,81,New Jersey Nets,106,18345,,
2002-02-15T21:00:00,Friday,Phoenix Suns,96,Washington Wizards,97,18345,,
2002-02-15T22:00:00,Friday,Portland Trail Blazers,104,Boston Celtics,107,18345,,
2002-02-15T22:30:00,Friday,Golden State Warriors,99,San Antonio Spurs,108,18345,,
2002-02-15T22:30:00,Friday,Los Angeles Lakers,90,Atlanta Hawks,93,18345,,
2002-02-16T20:30:00,Saturday,Chicago Bulls,101,Cleveland Cavaliers,114,18345,,
2002-02-16T20:30:00,Saturday,Houston Rockets,100,Orlando Magic,109,18345,,
2002-02-16T22:00:00,Saturday,Seattle SuperSonics,99,Boston Celtics,79,18345,,
2002-02-16T22:30:00,Saturday,Los Angeles Clippers,119,Dallas Mavericks,110,18345,,
2002-02-17T13:00:00,Sunday,New Jersey Nets,98,Denver Nuggets,77,18345,,
2002-02-17T14:00:00,Sunday,Toronto Raptors,86,Milwaukee Bucks,91,18345,,
2002-02-17T14:00:00,Sunday,Indiana Pacers,86,Philadelphia 76ers,76,18345,,
2002-02-17T14:00:00,Sunday,Charlotte Hornets,78,Memphis Grizzlies,92,18345,,
2002-02-17T15:30:00,Sunday,Minnesota Timberwolves,93,Miami Heat,80,18345,,
2002-02-17T16:30:00,Sunday,Portland Trail Blazers,111,Los Angeles Lakers,105,18345,,
2002-02-17T19:00:00,Sunday,New York Knicks,89,Utah Jazz,92,18345,,
2002-02-17T20:00:00,Sunday,Phoenix Suns,92,Dallas Mavericks,105,18345,,
2002-02-17T21:00:00,Sunday,Golden State Warriors,94,Atlanta Hawks,100,18345,,
2002-02-17T21:00:00,Sunday,Sacramento Kings,116,Seattle SuperSonics,126,18345,,
2002-02-18T13:00:00,Monday,Washington Wizards,89,Houston Rockets,102,18345,,
2002-02-18T19:00:00,Monday,Cleveland Cavaliers,92,Utah Jazz,103,18345,,
2002-02-18T19:00:00,Monday,Philadelphia 76ers,110,Denver Nuggets,83,18345,,
2002-02-18T19:30:00,Monday,Detroit Pistons,89,Toronto Raptors,76,18345,,
2002-02-18T19:30:00,Monday,Miami Heat,102,Chicago Bulls,80,18345,,
2002-02-18T20:00:00,Monday,Milwaukee Bucks,92,Charlotte Hornets,101,18345,,
2002-02-18T22:30:00,Monday,Los Angeles Clippers,79,Portland Trail Blazers,80,18345,,
2002-02-19T19:30:00,Tuesday,New Jersey Nets,123,Golden State Warriors,115,18345,,
2002-02-19T20:00:00,Tuesday,Dallas Mavericks,100,Minnesota Timberwolves,117,18345,,
2002-02-19T20:30:00,Tuesday,San Antonio Spurs,99,Memphis Grizzlies,93,18345,OT,
2002-02-19T21:00:00,Tuesday,Phoenix Suns,91,Seattle SuperSonics,103,18345,,
2002-02-19T22:00:00,Tuesday,Sacramento Kings,99,Atlanta Hawks,79,18345,,
2002-02-19T22:30:00,Tuesday,Los Angeles Lakers,108,Boston Celtics,109,18345,,
2002-02-20T19:00:00,Wednesday,Philadelphia 76ers,114,Golden State Warriors,107,18345,,
2002-02-20T19:30:00,Wednesday,Detroit Pistons,97,Washington Wizards,90,18345,,
2002-02-20T19:30:00,Wednesday,Miami Heat,71,Los Angeles Clippers,81,18345,,
2002-02-20T20:00:00,Wednesday,Milwaukee Bucks,115,Houston Rockets,76,18345,,
2002-02-20T20:00:00,Wednesday,Toronto Raptors,77,Charlotte Hornets,78,18345,,
2002-02-20T20:30:00,Wednesday,Chicago Bulls,113,New York Knicks,109,18345,,
2002-02-20T21:00:00,Wednesday,Denver Nuggets,99,Utah Jazz,110,18345,,
2002-02-20T22:00:00,Wednesday,Seattle SuperSonics,84,Portland Trail Blazers,90,18345,,
2002-02-21T19:00:00,Thursday,Washington Wizards,82,New Jersey Nets,93,18345,,
2002-02-21T19:00:00,Thursday,Cleveland Cavaliers,97,Los Angeles Lakers,104,18345,,
2002-02-21T19:30:00,Thursday,Orlando Magic,119,Los Angeles Clippers,102,18345,,
2002-02-21T20:00:00,Thursday,Memphis Grizzlies,72,Phoenix Suns,78,18345,,
2002-02-21T20:30:00,Thursday,Houston Rockets,89,Minnesota Timberwolves,83,18345,,
2002-02-21T20:30:00,Thursday,Dallas Mavericks,98,Boston Celtics,92,18345,,
2002-02-21T21:00:00,Thursday,San Antonio Spurs,115,Sacramento Kings,92,18345,,
2002-02-21T22:00:00,Thursday,Portland Trail Blazers,94,Atlanta Hawks,79,18345,,
2002-02-22T19:00:00,Friday,Toronto Raptors,72,Detroit Pistons,80,18345,,
2002-02-22T19:00:00,Friday,Indiana Pacers,93,Cleveland Cavaliers,103,18345,,
2002-02-22T19:30:00,Friday,New Jersey Nets,115,New York Knicks,93,18345,,
2002-02-22T19:30:00,Friday,Charlotte Hornets,94,Los Angeles Lakers,96,18345,,
2002-02-22T20:30:00,Friday,Chicago Bulls,91,Phoenix Suns,83,18345,,
2002-02-22T20:30:00,Friday,Milwaukee Bucks,116,Golden State Warriors,112,18345,,
2002-02-22T22:00:00,Friday,Seattle SuperSonics,99,Atlanta Hawks,96,18345,,
2002-02-23T17:30:00,Saturday,Orlando Magic,105,Philadelphia 76ers,87,18345,,
2002-02-23T17:30:00,Saturday,Dallas Mavericks,111,Sacramento Kings,97,18345,,
2002-02-23T20:00:00,Saturday,Washington Wizards,95,Miami Heat,97,18345,,
2002-02-23T20:00:00,Saturday,Indiana Pacers,106,Los Angeles Clippers,88,18345,,
2002-02-23T20:30:00,Saturday,Houston Rockets,99,Boston Celtics,89,18345,,
2002-02-23T20:30:00,Saturday,Chicago Bulls,105,Golden State Warriors,91,18345,,
2002-02-23T20:30:00,Saturday,San Antonio Spurs,88,Minnesota Timberwolves,112,18345,,
2002-02-23T22:00:00,Saturday,Portland Trail Blazers,101,Denver Nuggets,90,18345,,
2002-02-24T12:00:00,Sunday,New York Knicks,91,Los Angeles Lakers,107,18345,,
2002-02-24T15:00:00,Sunday,Milwaukee Bucks,89,Detroit Pistons,82,18345,,
2002-02-24T15:00:00,Sunday,New Jersey Nets,95,Charlotte Hornets,93,18345,,
2002-02-24T18:00:00,Sunday,Toronto Raptors,92,Seattle SuperSonics,101,18345,,
2002-02-24T19:00:00,Sunday,Cleveland Cavaliers,111,Orlando Magic,96,18345,,
2002-02-24T19:30:00,Sunday,Miami Heat,92,Washington Wizards,80,18345,,
2002-02-24T20:00:00,Sunday,Phoenix Suns,92,San Antonio Spurs,83,18345,,
2002-02-24T21:00:00,Sunday,Denver Nuggets,84,Atlanta Hawks,89,18345,,
2002-02-25T19:00:00,Monday,Charlotte Hornets,92,Minnesota Timberwolves,97,18345,,
2002-02-25T19:00:00,Monday,Philadelphia 76ers,83,Portland Trail Blazers,88,18345,,
2002-02-25T20:00:00,Monday,Memphis Grizzlies,77,Los Angeles Clippers,90,18345,,
2002-02-25T22:30:00,Monday,Golden State Warriors,97,Indiana Pacers,102,18345,OT,
2002-02-26T19:00:00,Tuesday,Cleveland Cavaliers,89,Seattle SuperSonics,109,18345,,
2002-02-26T20:00:00,Tuesday,Milwaukee Bucks,89,Los Angeles Lakers,99,18345,,
2002-02-26T20:30:00,Tuesday,Houston Rockets,84,Los Angeles Clippers,94,18345,,
2002-02-26T20:30:00,Tuesday,San Antonio Spurs,99,Phoenix Suns,91,18345,,
2002-02-26T20:30:00,Tuesday,Dallas Mavericks,104,Memphis Grizzlies,91,18345,,
2002-02-26T20:30:00,Tuesday,Chicago Bulls,97,Orlando Magic,112,18345,,
2002-02-26T22:30:00,Tuesday,Sacramento Kings,107,Utah Jazz,81,18345,,
2002-02-27T19:00:00,Wednesday,Philadelphia 76ers,82,Miami Heat,72,18345,,
2002-02-27T19:00:00,Wednesday,Boston Celtics,92,Milwaukee Bucks,95,18345,,
2002-02-27T19:00:00,Wednesday,Charlotte Hornets,104,New Jersey Nets,85,18345,,
2002-02-27T19:00:00,Wednesday,Washington Wizards,101,Portland Trail Blazers,105,18345,,
2002-02-27T19:30:00,Wednesday,Atlanta Hawks,81,Seattle SuperSonics,98,18345,,
2002-02-27T19:30:00,Wednesday,Detroit Pistons,101,Chicago Bulls,89,18345,,
2002-02-27T20:00:00,Wednesday,Minnesota Timberwolves,112,Los Angeles Lakers,101,18345,,
2002-02-27T20:00:00,Wednesday,Toronto Raptors,85,Orlando Magic,90,18345,,
2002-02-27T22:30:00,Wednesday,Golden State Warriors,110,Denver Nuggets,93,18345,,
2002-02-28T19:00:00,Thursday,Cleveland Cavaliers,114,San Antonio Spurs,107,18345,OT,
2002-02-28T20:00:00,Thursday,Miami Heat,100,New York Knicks,86,18345,,
2002-02-28T21:00:00,Thursday,Utah Jazz,114,Memphis Grizzlies,70,18345,,
2002-02-28T21:00:00,Thursday,Phoenix Suns,107,Indiana Pacers,100,18345,OT,
2002-03-01T19:00:00,Friday,Toronto Raptors,81,Portland Trail Blazers,91,20869,,
2002-03-01T19:00:00,Friday,Philadelphia 76ers,110,New Jersey Nets,102,20869,,
2002-03-01T19:30:00,Friday,Boston Celtics,87,Charlotte Hornets,100,20869,,
2002-03-01T19:30:00,Friday,New York Knicks,89,Seattle SuperSonics,87,20869,,
2002-03-01T20:00:00,Friday,Minnesota Timberwolves,77,San Antonio Spurs,85,20869,,
2002-03-01T20:00:00,Friday,Detroit Pistons,110,Orlando Magic,102,20869,,
2002-03-01T20:30:00,Friday,Chicago Bulls,90,Washington Wizards,81,20869,,
2002-03-01T21:00:00,Friday,Denver Nuggets,96,Memphis Grizzlies,83,20869,,
2002-03-01T22:30:00,Friday,Los Angeles Lakers,96,Indiana Pacers,84,20869,,
2002-03-01T22:30:00,Friday,Golden State Warriors,108,Sacramento Kings,116,20869,,
2002-03-02T19:00:00,Saturday,Atlanta Hawks,84,Cleveland Cavaliers,81,20869,,
2002-03-02T20:30:00,Saturday,Milwaukee Bucks,103,Portland Trail Blazers,104,20869,OT,
2002-03-02T20:30:00,Saturday,Dallas Mavericks,95,Miami Heat,109,20869,,
2002-03-02T21:00:00,Saturday,Phoenix Suns,97,Houston Rockets,104,20869,,
2002-03-02T21:00:00,Saturday,Utah Jazz,105,Minnesota Timberwolves,116,20869,,
2002-03-02T22:30:00,Saturday,Los Angeles Clippers,109,Golden State Warriors,95,20869,,
2002-03-03T12:30:00,Sunday,Toronto Raptors,84,Philadelphia 76ers,96,20869,,
2002-03-03T15:00:00,Sunday,New Jersey Nets,92,Chicago Bulls,84,20869,,
2002-03-03T15:00:00,Sunday,New York Knicks,83,San Antonio Spurs,99,20869,,
2002-03-03T15:00:00,Sunday,Memphis Grizzlies,71,Seattle SuperSonics,96,20869,,
2002-03-03T15:00:00,Sunday,Charlotte Hornets,81,Detroit Pistons,83,20869,,
2002-03-03T18:00:00,Sunday,Washington Wizards,107,Orlando Magic,102,20869,OT,
2002-03-03T18:00:00,Sunday,Sacramento Kings,86,Indiana Pacers,97,20869,,
2002-03-03T19:00:00,Sunday,Cleveland Cavaliers,91,Milwaukee Bucks,101,20869,,
2002-03-03T21:00:00,Sunday,Denver Nuggets,110,Dallas Mavericks,116,20869,OT,
2002-03-03T21:30:00,Sunday,Los Angeles Lakers,95,Houston Rockets,79,20869,,
2002-03-04T19:00:00,Monday,Philadelphia 76ers,94,Boston Celtics,100,20869,,
2002-03-04T19:30:00,Monday,Atlanta Hawks,95,Memphis Grizzlies,76,20869,,
2002-03-04T21:00:00,Monday,Utah Jazz,100,Denver Nuggets,82,20869,,
2002-03-04T22:00:00,Monday,Portland Trail Blazers,107,Sacramento Kings,95,20869,,
2002-03-05T19:00:00,Tuesday,Washington Wizards,115,Chicago Bulls,90,20869,,
2002-03-05T19:00:00,Tuesday,Cleveland Cavaliers,103,Atlanta Hawks,96,20869,,
2002-03-05T19:30:00,Tuesday,New York Knicks,102,Milwaukee Bucks,89,20869,,
2002-03-05T19:30:00,Tuesday,Detroit Pistons,91,Miami Heat,93,20869,,
2002-03-05T20:00:00,Tuesday,Indiana Pacers,111,Orlando Magic,98,20869,,
2002-03-05T20:30:00,Tuesday,Houston Rockets,112,Toronto Raptors,109,20869,,
2002-03-05T20:30:00,Tuesday,Dallas Mavericks,81,Phoenix Suns,77,20869,,
2002-03-05T20:30:00,Tuesday,San Antonio Spurs,109,Golden State Warriors,88,20869,,
2002-03-05T22:30:00,Tuesday,Los Angeles Lakers,101,New Jersey Nets,92,20869,,
2002-03-05T22:30:00,Tuesday,Seattle SuperSonics,97,Minnesota Timberwolves,83,20869,,
2002-03-06T19:00:00,Wednesday,Boston Celtics,130,Orlando Magic,110,20869,,
2002-03-06T19:00:00,Wednesday,Philadelphia 76ers,85,Cleveland Cavaliers,76,20869,,
2002-03-06T20:00:00,Wednesday,Milwaukee Bucks,92,Los Angeles Clippers,86,20869,,
2002-03-06T20:00:00,Wednesday,Utah Jazz,92,Los Angeles Lakers,84,20869,,
2002-03-06T20:30:00,Wednesday,Chicago Bulls,87,Miami Heat,92,20869,,
2002-03-06T21:00:00,Wednesday,Phoenix Suns,89,New Jersey Nets,87,20869,,
2002-03-06T22:00:00,Wednesday,Portland Trail Blazers,85,Minnesota Timberwolves,78,20869,,
2002-03-07T19:00:00,Thursday,Washington Wizards,92,Detroit Pistons,95,20869,,
2002-03-07T20:00:00,Thursday,Memphis Grizzlies,122,Indiana Pacers,111,20869,,
2002-03-07T20:30:00,Thursday,San Antonio Spurs,99,Houston Rockets,97,20869,,
2002-03-07T21:00:00,Thursday,Denver Nuggets,104,New York Knicks,93,20869,,
2002-03-07T21:00:00,Thursday,Dallas Mavericks,122,Toronto Raptors,103,20869,,
2002-03-07T22:00:00,Thursday,Seattle SuperSonics,92,Charlotte Hornets,89,20869,OT,
2002-03-08T19:00:00,Friday,Philadelphia 76ers,109,Indiana Pacers,100,20869,,
2002-03-08T19:30:00,Friday,Miami Heat,74,Toronto Raptors,83,20869,,
2002-03-08T19:30:00,Friday,Boston Celtics,117,Detroit Pistons,92,20869,,
2002-03-08T19:30:00,Friday,Orlando Magic,99,Washington Wizards,96,20869,,
2002-03-08T20:30:00,Friday,Houston Rockets,95,Golden State Warriors,108,20869,,
2002-03-08T20:30:00,Friday,Milwaukee Bucks,109,Cleveland Cavaliers,115,20869,OT,
2002-03-08T20:30:00,Friday,Chicago Bulls,90,Los Angeles Clippers,94,20869,,
2002-03-08T21:00:00,Friday,Phoenix Suns,81,Minnesota Timberwolves,76,20869,,
2002-03-08T21:00:00,Friday,Utah Jazz,79,New York Knicks,85,20869,,
2002-03-08T22:00:00,Friday,Sacramento Kings,99,Charlotte Hornets,87,20869,,
2002-03-08T22:00:00,Friday,Portland Trail Blazers,82,New Jersey Nets,73,20869,,
2002-03-09T19:00:00,Saturday,Atlanta Hawks,91,Philadelphia 76ers,112,20869,,
2002-03-09T20:00:00,Saturday,Memphis Grizzlies,88,Miami Heat,93,20869,,
2002-03-09T20:30:00,Saturday,Dallas Mavericks,107,Golden State Warriors,105,20869,,
2002-03-09T20:30:00,Saturday,Chicago Bulls,73,San Antonio Spurs,100,20869,,
2002-03-09T22:00:00,Saturday,Seattle SuperSonics,96,New Jersey Nets,90,20869,,
2002-03-09T22:00:00,Saturday,Denver Nuggets,109,Portland Trail Blazers,106,20869,OT,
2002-03-10T12:30:00,Sunday,Orlando Magic,92,Toronto Raptors,79,20869,,
2002-03-10T15:00:00,Sunday,Boston Celtics,98,Washington Wizards,91,20869,,
2002-03-10T15:00:00,Sunday,Cleveland Cavaliers,78,Los Angeles Clippers,95,20869,,
2002-03-10T15:00:00,Sunday,Houston Rockets,95,Utah Jazz,92,20869,,
2002-03-10T15:00:00,Sunday,Milwaukee Bucks,73,Sacramento Kings,98,20869,,
2002-03-10T15:00:00,Sunday,Detroit Pistons,84,Indiana Pacers,89,20869,,
2002-03-10T18:00:00,Sunday,Los Angeles Lakers,117,New York Knicks,103,20869,,
2002-03-10T21:00:00,Sunday,Phoenix Suns,82,Charlotte Hornets,88,20869,,
2002-03-11T19:00:00,Monday,Washington Wizards,99,Boston Celtics,104,20869,,
2002-03-11T19:30:00,Monday,Atlanta Hawks,121,Golden State Warriors,96,20869,,
2002-03-11T20:00:00,Monday,Minnesota Timberwolves,99,Los Angeles Clippers,108,20869,,
2002-03-11T20:00:00,Monday,Memphis Grizzlies,79,Utah Jazz,78,20869,,
2002-03-11T20:30:00,Monday,Dallas Mavericks,119,Seattle SuperSonics,108,20869,,
2002-03-11T20:30:00,Monday,Chicago Bulls,103,Sacramento Kings,107,20869,,
2002-03-11T21:00:00,Monday,Denver Nuggets,78,San Antonio Spurs,93,20869,,
2002-03-12T19:00:00,Tuesday,Indiana Pacers,115,Golden State Warriors,101,20869,,
2002-03-12T19:30:00,Tuesday,New York Knicks,96,Philadelphia 76ers,104,20869,,
2002-03-12T20:00:00,Tuesday,Milwaukee Bucks,110,Chicago Bulls,81,20869,,
2002-03-12T20:00:00,Tuesday,New Jersey Nets,86,Toronto Raptors,84,20869,,
2002-03-12T20:00:00,Tuesday,Miami Heat,90,Phoenix Suns,78,20869,,
2002-03-12T20:30:00,Tuesday,Houston Rockets,101,Seattle SuperSonics,98,20869,,
2002-03-12T20:30:00,Tuesday,San Antonio Spurs,98,Memphis Grizzlies,84,20869,,
2002-03-12T22:30:00,Tuesday,Los Angeles Lakers,107,Charlotte Hornets,66,20869,,
2002-03-13T19:00:00,Wednesday,Boston Celtics,97,New Jersey Nets,89,20869,,
2002-03-13T19:30:00,Wednesday,Detroit Pistons,85,Cleveland Cavaliers,84,20869,,
2002-03-13T19:30:00,Wednesday,Atlanta Hawks,105,Denver Nuggets,102,20869,,
2002-03-13T19:30:00,Wednesday,Orlando Magic,119,Phoenix Suns,114,20869,OT,
2002-03-13T20:00:00,Wednesday,Minnesota Timberwolves,95,Houston Rockets,96,20869,,
2002-03-13T20:00:00,Wednesday,Philadelphia 76ers,88,Sacramento Kings,92,20869,,
2002-03-13T22:30:00,Wednesday,Los Angeles Clippers,96,Washington Wizards,75,20869,,
2002-03-14T19:00:00,Thursday,Charlotte Hornets,100,Utah Jazz,82,20869,,
2002-03-14T19:30:00,Thursday,New York Knicks,113,Sacramento Kings,96,20869,,
2002-03-14T20:30:00,Thursday,San Antonio Spurs,91,Chicago Bulls,86,20869,,
2002-03-14T22:00:00,Thursday,Portland Trail Blazers,132,Dallas Mavericks,106,20869,,
2002-03-14T22:30:00,Thursday,Golden State Warriors,102,Los Angeles Lakers,110,20869,,
2002-03-15T19:30:00,Friday,Atlanta Hawks,104,Phoenix Suns,89,20869,,
2002-03-15T19:30:00,Friday,Orlando Magic,124,Denver Nuggets,102,20869,,
2002-03-15T19:30:00,Friday,New Jersey Nets,97,Miami Heat,78,20869,,
2002-03-15T20:00:00,Friday,Detroit Pistons,97,Utah Jazz,100,20869,,
2002-03-15T20:00:00,Friday,Memphis Grizzlies,97,Boston Celtics,103,20869,,
2002-03-15T20:00:00,Friday,Minnesota Timberwolves,85,Indiana Pacers,98,20869,,
2002-03-15T22:00:00,Friday,Seattle SuperSonics,98,Washington Wizards,103,20869,,
2002-03-15T22:30:00,Friday,Los Angeles Lakers,98,Los Angeles Clippers,92,20869,,
2002-03-16T19:30:00,Saturday,Charlotte Hornets,87,Phoenix Suns,76,20869,,
2002-03-16T19:30:00,Saturday,Miami Heat,101,Denver Nuggets,76,20869,,
2002-03-16T19:30:00,Saturday,New York Knicks,105,Cleveland Cavaliers,95,20869,,
2002-03-16T20:30:00,Saturday,San Antonio Spurs,111,Boston Celtics,104,20869,,
2002-03-16T20:30:00,Saturday,Houston Rockets,112,Chicago Bulls,114,20869,2OT,
2002-03-16T20:30:00,Saturday,Milwaukee Bucks,94,Detroit Pistons,102,20869,,
2002-03-16T22:00:00,Saturday,Portland Trail Blazers,95,Washington Wizards,80,20869,,
2002-03-16T22:30:00,Saturday,Golden State Warriors,100,Dallas Mavericks,117,20869,,
2002-03-16T22:30:00,Saturday,Los Angeles Clippers,87,Seattle SuperSonics,95,20869,,
2002-03-17T12:00:00,Sunday,Philadelphia 76ers,103,Orlando Magic,105,20869,,
2002-03-17T14:30:00,Sunday,Indiana Pacers,85,Atlanta Hawks,68,20869,,
2002-03-17T15:00:00,Sunday,Toronto Raptors,113,Sacramento Kings,116,20869,,
2002-03-17T15:00:00,Sunday,Memphis Grizzlies,76,New Jersey Nets,87,20869,,
2002-03-17T15:30:00,Sunday,Minnesota Timberwolves,89,Utah Jazz,96,20869,,
2002-03-17T19:00:00,Sunday,Cleveland Cavaliers,104,New York Knicks,99,20869,,
2002-03-17T21:30:00,Sunday,Los Angeles Lakers,105,Dallas Mavericks,103,20869,,
2002-03-18T19:00:00,Monday,Boston Celtics,91,Portland Trail Blazers,100,20869,,
2002-03-18T19:00:00,Monday,Charlotte Hornets,113,Milwaukee Bucks,110,20869,,
2002-03-18T21:00:00,Monday,Denver Nuggets,91,Detroit Pistons,98,20869,,
2002-03-18T22:30:00,Monday,Los Angeles Clippers,93,Houston Rockets,86,20869,,
2002-03-18T22:30:00,Monday,Golden State Warriors,96,Washington Wizards,99,20869,,
2002-03-19T19:00:00,Tuesday,Cleveland Cavaliers,100,New Jersey Nets,97,20869,,
2002-03-19T19:30:00,Tuesday,Miami Heat,79,Philadelphia 76ers,91,20869,,
2002-03-19T20:00:00,Tuesday,Orlando Magic,101,Milwaukee Bucks,91,20869,,
2002-03-19T20:00:00,Tuesday,Minnesota Timberwolves,112,Toronto Raptors,80,20869,,
2002-03-19T20:00:00,Tuesday,Memphis Grizzlies,92,New York Knicks,101,20869,,
2002-03-19T20:30:00,Tuesday,Dallas Mavericks,114,Los Angeles Lakers,98,20869,,
2002-03-19T20:30:00,Tuesday,Chicago Bulls,96,Atlanta Hawks,102,20869,,
2002-03-19T21:00:00,Tuesday,Utah Jazz,87,Detroit Pistons,94,20869,,
2002-03-19T22:00:00,Tuesday,Seattle SuperSonics,110,Golden State Warriors,93,20869,,
2002-03-19T22:30:00,Tuesday,Sacramento Kings,110,Houston Rockets,87,20869,,
2002-03-20T19:00:00,Wednesday,Philadelphia 76ers,77,Miami Heat,82,20869,,
2002-03-20T19:00:00,Wednesday,Charlotte Hornets,94,Indiana Pacers,88,20869,,
2002-03-20T19:00:00,Wednesday,Boston Celtics,96,Cleveland Cavaliers,70,20869,,
2002-03-20T19:30:00,Wednesday,New Jersey Nets,97,Portland Trail Blazers,82,20869,,
2002-03-20T20:00:00,Wednesday,San Antonio Spurs,108,Los Angeles Lakers,90,20869,,
2002-03-20T21:00:00,Wednesday,Denver Nuggets,75,Washington Wizards,107,20869,,
2002-03-21T19:30:00,Thursday,Atlanta Hawks,118,New York Knicks,89,20869,,
2002-03-21T20:00:00,Thursday,Memphis Grizzlies,93,Minnesota Timberwolves,95,20869,,
2002-03-21T20:30:00,Thursday,Dallas Mavericks,102,San Antonio Spurs,105,20869,,
2002-03-21T21:00:00,Thursday,Phoenix Suns,82,Detroit Pistons,95,20869,,
2002-03-21T21:00:00,Thursday,Utah Jazz,94,Washington Wizards,79,20869,,
2002-03-21T22:00:00,Thursday,Sacramento Kings,118,Denver Nuggets,82,20869,,
2002-03-21T22:30:00,Thursday,Golden State Warriors,96,Los Angeles Clippers,116,20869,,
2002-03-22T19:30:00,Friday,Orlando Magic,92,Charlotte Hornets,106,20869,,
2002-03-22T19:30:00,Friday,New Jersey Nets,108,Milwaukee Bucks,84,20869,,
2002-03-22T19:30:00,Friday,Miami Heat,94,Indiana Pacers,104,20869,,
2002-03-22T19:30:00,Friday,Cleveland Cavaliers,80,Toronto Raptors,94,20869,,
2002-03-22T19:30:00,Friday,Boston Celtics,91,Philadelphia 76ers,96,20869,,
2002-03-22T20:30:00,Friday,Chicago Bulls,93,Portland Trail Blazers,109,20869,,
2002-03-22T22:00:00,Friday,Seattle SuperSonics,112,Houston Rockets,82,20869,,
2002-03-22T22:30:00,Friday,Los Angeles Lakers,94,Detroit Pistons,82,20869,,
2002-03-23T19:00:00,Saturday,Atlanta Hawks,112,Chicago Bulls,96,20869,,
2002-03-23T20:00:00,Saturday,Minnesota Timberwolves,99,Portland Trail Blazers,108,20869,,
2002-03-23T20:30:00,Saturday,Dallas Mavericks,111,Memphis Grizzlies,100,20869,,
2002-03-23T20:30:00,Saturday,San Antonio Spurs,89,Miami Heat,79,20869,,
2002-03-23T21:00:00,Saturday,Utah Jazz,112,Golden State Warriors,103,20869,,
2002-03-23T22:00:00,Saturday,Denver Nuggets,88,Seattle SuperSonics,85,20869,,
2002-03-23T22:30:00,Saturday,Los Angeles Clippers,94,Phoenix Suns,97,20869,,
2002-03-24T12:00:00,Sunday,Toronto Raptors,92,Washington Wizards,91,20869,,
2002-03-24T12:00:00,Sunday,Detroit Pistons,109,Boston Celtics,101,20869,,
2002-03-24T14:30:00,Sunday,Indiana Pacers,84,Charlotte Hornets,99,20869,,
2002-03-24T15:00:00,Sunday,Milwaukee Bucks,110,Orlando Magic,85,20869,,
2002-03-24T16:00:00,Sunday,Philadelphia 76ers,90,New York Knicks,82,20869,,
2002-03-24T18:00:00,Sunday,New Jersey Nets,116,Atlanta Hawks,102,20869,,
2002-03-24T18:30:00,Sunday,Sacramento Kings,96,Los Angeles Lakers,97,20869,,
2002-03-24T21:00:00,Sunday,Golden State Warriors,104,Houston Rockets,116,20869,,
2002-03-25T19:30:00,Monday,Miami Heat,82,Boston Celtics,87,20869,,
2002-03-25T19:30:00,Monday,New York Knicks,83,Denver Nuggets,84,20869,,
2002-03-25T21:00:00,Monday,Phoenix Suns,102,Cleveland Cavaliers,96,20869,,
2002-03-25T22:00:00,Monday,Portland Trail Blazers,100,Memphis Grizzlies,103,20869,,
2002-03-25T22:00:00,Monday,Seattle SuperSonics,106,Utah Jazz,92,20869,,
2002-03-25T22:30:00,Monday,Los Angeles Clippers,85,San Antonio Spurs,91,20869,,
2002-03-26T19:00:00,Tuesday,Indiana Pacers,77,Detroit Pistons,96,20869,,
2002-03-26T19:00:00,Tuesday,Washington Wizards,103,Denver Nuggets,87,20869,,
2002-03-26T19:30:00,Tuesday,Orlando Magic,96,Chicago Bulls,82,20869,,
2002-03-26T19:30:00,Tuesday,Atlanta Hawks,103,New Jersey Nets,77,20869,,
2002-03-26T20:00:00,Tuesday,Milwaukee Bucks,106,Dallas Mavericks,112,20869,OT,
2002-03-26T20:00:00,Tuesday,Minnesota Timberwolves,106,Golden State Warriors,115,20869,,
2002-03-26T21:00:00,Tuesday,Utah Jazz,109,Houston Rockets,105,20869,,
2002-03-26T22:30:00,Tuesday,Los Angeles Lakers,121,Cleveland Cavaliers,116,20869,,
2002-03-26T22:30:00,Tuesday,Sacramento Kings,107,Los Angeles Clippers,90,20869,,
2002-03-27T19:00:00,Wednesday,Charlotte Hornets,111,Orlando Magic,104,20869,,
2002-03-27T19:00:00,Wednesday,Boston Celtics,102,Golden State Warriors,99,20869,,
2002-03-27T19:30:00,Wednesday,Detroit Pistons,82,New York Knicks,89,20869,,
2002-03-27T20:00:00,Wednesday,Philadelphia 76ers,80,New Jersey Nets,88,20869,,
2002-03-27T20:00:00,Wednesday,Toronto Raptors,81,Miami Heat,80,20869,,
2002-03-27T21:00:00,Wednesday,Phoenix Suns,118,Los Angeles Lakers,106,20869,,
2002-03-27T22:00:00,Wednesday,Seattle SuperSonics,96,Memphis Grizzlies,82,20869,,
2002-03-27T22:30:00,Wednesday,Portland Trail Blazers,98,San Antonio Spurs,93,20869,,
2002-03-28T19:30:00,Thursday,Atlanta Hawks,83,Toronto Raptors,85,20869,,
2002-03-28T20:00:00,Thursday,Milwaukee Bucks,95,Denver Nuggets,88,20869,,
2002-03-28T20:00:00,Thursday,Minnesota Timberwolves,113,Dallas Mavericks,111,20869,,
2002-03-28T20:30:00,Thursday,Houston Rockets,74,Sacramento Kings,101,20869,,
2002-03-28T20:30:00,Thursday,Chicago Bulls,79,Philadelphia 76ers,99,20869,,
2002-03-28T21:00:00,Thursday,Utah Jazz,112,Cleveland Cavaliers,91,20869,,
2002-03-29T19:00:00,Friday,Washington Wizards,107,Milwaukee Bucks,98,20869,,
2002-03-29T19:30:00,Friday,Orlando Magic,114,Indiana Pacers,106,20869,,
2002-03-29T19:30:00,Friday,Boston Celtics,82,Dallas Mavericks,108,20869,,
2002-03-29T19:30:00,Friday,Miami Heat,92,Atlanta Hawks,80,20869,,
2002-03-29T19:30:00,Friday,Charlotte Hornets,87,Sacramento Kings,92,20869,,
2002-03-29T19:30:00,Friday,New York Knicks,77,Minnesota Timberwolves,98,20869,,
2002-03-29T20:00:00,Friday,Detroit Pistons,110,Golden State Warriors,103,20869,,
2002-03-29T21:00:00,Friday,Phoenix Suns,94,Los Angeles Clippers,96,20869,,
2002-03-29T22:00:00,Friday,Seattle SuperSonics,79,San Antonio Spurs,76,20869,,
2002-03-29T22:30:00,Friday,Los Angeles Lakers,91,Portland Trail Blazers,79,20869,,
2002-03-30T13:00:00,Saturday,New Jersey Nets,102,Philadelphia 76ers,92,20869,,
2002-03-30T19:30:00,Saturday,Cleveland Cavaliers,85,Charlotte Hornets,93,20869,,
2002-03-30T20:00:00,Saturday,Memphis Grizzlies,105,Golden State Warriors,99,20869,,
2002-03-30T20:30:00,Saturday,Houston Rockets,88,Phoenix Suns,90,20869,,
2002-03-30T20:30:00,Saturday,Chicago Bulls,84,Denver Nuggets,100,20869,,
2002-03-30T22:00:00,Saturday,Portland Trail Blazers,87,Seattle SuperSonics,92,20869,,
2002-03-30T22:30:00,Saturday,Los Angeles Clippers,92,Utah Jazz,105,20869,,
2002-03-31T12:30:00,Sunday,Boston Celtics,110,Milwaukee Bucks,80,20869,,
2002-03-31T14:00:00,Sunday,Atlanta Hawks,91,Sacramento Kings,92,20869,,
2002-03-31T15:00:00,Sunday,Indiana Pacers,100,Miami Heat,81,20869,,
2002-03-31T15:00:00,Sunday,Orlando Magic,97,New York Knicks,90,20869,,
2002-03-31T15:00:00,Sunday,Washington Wizards,103,Dallas Mavericks,110,20869,,
2002-03-31T15:30:00,Sunday,Philadelphia 76ers,70,Toronto Raptors,72,20869,,
2002-03-31T15:30:00,Sunday,Minnesota Timberwolves,86,New Jersey Nets,85,20869,,
2002-03-31T17:30:00,Sunday,Los Angeles Lakers,96,San Antonio Spurs,95,20869,,
2002-03-31T20:00:00,Sunday,Detroit Pistons,86,Denver Nuggets,82,20869,,
2002-04-02T19:00:00,Tuesday,Cleveland Cavaliers,101,Phoenix Suns,96,13688,,
2002-04-02T19:00:00,Tuesday,Indiana Pacers,94,Boston Celtics,105,13688,,
2002-04-02T19:30:00,Tuesday,Atlanta Hawks,100,Milwaukee Bucks,92,13688,,
2002-04-02T19:30:00,Tuesday,Miami Heat,87,Detroit Pistons,90,13688,,
2002-04-02T20:00:00,Tuesday,Washington Wizards,93,Los Angeles Lakers,113,13688,,
2002-04-02T20:00:00,Tuesday,New York Knicks,91,Charlotte Hornets,85,13688,,
2002-04-02T20:00:00,Tuesday,Memphis Grizzlies,83,Sacramento Kings,107,13688,,
2002-04-02T20:30:00,Tuesday,Houston Rockets,100,Seattle SuperSonics,98,13688,,
2002-04-02T21:00:00,Tuesday,Denver Nuggets,98,Utah Jazz,90,13688,,
2002-04-02T22:30:00,Tuesday,Golden State Warriors,107,Portland Trail Blazers,91,13688,,
2002-04-03T19:00:00,Wednesday,Charlotte Hornets,97,Miami Heat,90,13688,,
2002-04-03T19:00:00,Wednesday,Philadelphia 76ers,89,Phoenix Suns,83,13688,OT,
2002-04-03T19:00:00,Wednesday,Toronto Raptors,117,Chicago Bulls,104,13688,,
2002-04-03T19:30:00,Wednesday,Detroit Pistons,86,Sacramento Kings,107,13688,,
2002-04-03T20:00:00,Wednesday,Milwaukee Bucks,105,Washington Wizards,90,13688,,
2002-04-03T20:00:00,Wednesday,New Jersey Nets,94,Los Angeles Lakers,92,13688,,
2002-04-03T20:00:00,Wednesday,Minnesota Timberwolves,92,Memphis Grizzlies,81,13688,,
2002-04-03T20:30:00,Wednesday,San Antonio Spurs,90,Seattle SuperSonics,88,13688,,
2002-04-03T21:00:00,Wednesday,Utah Jazz,99,Los Angeles Clippers,87,13688,,
2002-04-04T19:30:00,Thursday,Atlanta Hawks,95,Indiana Pacers,94,13688,,
2002-04-04T19:30:00,Thursday,Orlando Magic,105,Cleveland Cavaliers,101,13688,,
2002-04-04T20:30:00,Thursday,Houston Rockets,78,San Antonio Spurs,102,13688,,
2002-04-04T21:00:00,Thursday,Denver Nuggets,88,Minnesota Timberwolves,87,13688,,
2002-04-04T21:00:00,Thursday,Dallas Mavericks,115,Los Angeles Clippers,90,13688,,
2002-04-04T22:00:00,Thursday,Portland Trail Blazers,88,New York Knicks,80,13688,,
2002-04-05T19:00:00,Friday,Philadelphia 76ers,88,Detroit Pistons,92,13688,,
2002-04-05T19:00:00,Friday,Indiana Pacers,97,Phoenix Suns,87,13688,,
2002-04-05T19:30:00,Friday,Miami Heat,102,Milwaukee Bucks,97,13688,,
2002-04-05T19:30:00,Friday,New Jersey Nets,110,Orlando Magic,85,13688,,
2002-04-05T19:30:00,Friday,Charlotte Hornets,97,Washington Wizards,91,13688,,
2002-04-05T19:30:00,Friday,Boston Celtics,99,Los Angeles Lakers,81,13688,,
2002-04-05T20:00:00,Friday,Memphis Grizzlies,99,Houston Rockets,81,13688,,
2002-04-05T20:30:00,Friday,Chicago Bulls,96,Toronto Raptors,98,13688,,
2002-04-05T21:00:00,Friday,Utah Jazz,109,Sacramento Kings,117,13688,,
2002-04-05T22:00:00,Friday,Seattle SuperSonics,83,New York Knicks,86,13688,,
2002-04-05T22:30:00,Friday,Golden State Warriors,108,Denver Nuggets,104,13688,,
2002-04-06T17:30:00,Saturday,San Antonio Spurs,89,Dallas Mavericks,87,13688,,
2002-04-06T20:00:00,Saturday,Minnesota Timberwolves,108,Phoenix Suns,104,13688,,
2002-04-06T20:00:00,Saturday,Washington Wizards,88,Memphis Grizzlies,85,13688,,
2002-04-06T20:00:00,Saturday,Atlanta Hawks,86,Charlotte Hornets,93,13688,,
2002-04-06T20:00:00,Saturday,Cleveland Cavaliers,120,Chicago Bulls,101,13688,,
2002-04-06T22:00:00,Saturday,Portland Trail Blazers,113,Golden State Warriors,86,13688,,
2002-04-07T12:30:00,Sunday,Philadelphia 76ers,89,Milwaukee Bucks,87,13688,,
2002-04-07T17:30:00,Sunday,Miami Heat,88,Los Angeles Lakers,96,13688,,
2002-04-07T17:30:00,Sunday,Toronto Raptors,94,Indiana Pacers,84,13688,,
2002-04-07T20:00:00,Sunday,New Jersey Nets,90,Boston Celtics,102,13688,,
2002-04-07T21:00:00,Sunday,Los Angeles Clippers,97,Denver Nuggets,75,13688,,
2002-04-07T21:00:00,Sunday,Sacramento Kings,116,New York Knicks,82,13688,,
2002-04-08T19:30:00,Monday,Detroit Pistons,105,Atlanta Hawks,99,13688,,
2002-04-08T19:30:00,Monday,Orlando Magic,83,Houston Rockets,74,13688,,
2002-04-08T20:00:00,Monday,Indiana Pacers,99,Cleveland Cavaliers,111,13688,,
2002-04-08T20:30:00,Monday,Chicago Bulls,105,Boston Celtics,100,13688,,
2002-04-08T20:30:00,Monday,San Antonio Spurs,99,Portland Trail Blazers,87,13688,,
2002-04-08T21:00:00,Monday,Utah Jazz,96,Dallas Mavericks,105,13688,,
2002-04-08T22:00:00,Monday,Seattle SuperSonics,102,Los Angeles Clippers,100,13688,,
2002-04-08T22:30:00,Monday,Golden State Warriors,93,Minnesota Timberwolves,100,13688,,
2002-04-09T19:00:00,Tuesday,Toronto Raptors,84,Charlotte Hornets,80,13688,,
2002-04-09T19:30:00,Tuesday,New York Knicks,97,Orlando Magic,108,13688,,
2002-04-09T19:30:00,Tuesday,New Jersey Nets,101,Washington Wizards,88,13688,,
2002-04-09T19:30:00,Tuesday,Miami Heat,120,Houston Rockets,117,13688,2OT,
2002-04-09T20:00:00,Tuesday,Memphis Grizzlies,97,Denver Nuggets,86,13688,,
2002-04-09T20:00:00,Tuesday,Milwaukee Bucks,90,Philadelphia 76ers,92,13688,,
2002-04-09T20:30:00,Tuesday,Dallas Mavericks,108,Portland Trail Blazers,96,13688,,
2002-04-09T22:00:00,Tuesday,Phoenix Suns,99,Seattle SuperSonics,92,13688,,
2002-04-09T22:30:00,Tuesday,Sacramento Kings,122,Minnesota Timberwolves,103,13688,,
2002-04-09T22:30:00,Tuesday,Los Angeles Lakers,112,Utah Jazz,82,13688,,
2002-04-10T19:00:00,Wednesday,Washington Wizards,90,Philadelphia 76ers,77,13688,,
2002-04-10T19:00:00,Wednesday,Cleveland Cavaliers,106,Milwaukee Bucks,81,13688,,
2002-04-10T19:00:00,Wednesday,Charlotte Hornets,95,Atlanta Hawks,101,13688,,
2002-04-10T19:30:00,Wednesday,Detroit Pistons,101,Chicago Bulls,102,13688,,
2002-04-10T20:00:00,Wednesday,Indiana Pacers,98,Toronto Raptors,82,13688,,
2002-04-10T20:00:00,Wednesday,Boston Celtics,70,Miami Heat,65,13688,,
2002-04-10T20:30:00,Wednesday,San Antonio Spurs,87,Denver Nuggets,79,13688,,
2002-04-10T22:30:00,Wednesday,Golden State Warriors,116,Sacramento Kings,118,13688,,
2002-04-11T19:30:00,Thursday,New York Knicks,101,Chicago Bulls,104,13688,OT,
2002-04-11T20:00:00,Thursday,Orlando Magic,99,New Jersey Nets,101,13688,OT,
2002-04-11T20:00:00,Thursday,Memphis Grizzlies,102,Portland Trail Blazers,99,13688,,
2002-04-11T20:30:00,Thursday,Dallas Mavericks,95,Houston Rockets,98,13688,OT,
2002-04-11T22:00:00,Thursday,Phoenix Suns,96,Utah Jazz,97,13688,,
2002-04-11T22:30:00,Thursday,Los Angeles Lakers,96,Minnesota Timberwolves,83,13688,,
2002-04-12T19:00:00,Friday,Philadelphia 76ers,100,Washington Wizards,91,13688,,
2002-04-12T19:00:00,Friday,Toronto Raptors,112,Atlanta Hawks,73,13688,,
2002-04-12T19:30:00,Friday,Miami Heat,99,Orlando Magic,94,13688,,
2002-04-12T19:30:00,Friday,Charlotte Hornets,112,Cleveland Cavaliers,100,13688,,
2002-04-12T19:30:00,Friday,Boston Celtics,107,New York Knicks,92,13688,,
2002-04-12T20:00:00,Friday,Detroit Pistons,86,San Antonio Spurs,96,13688,,
2002-04-12T20:00:00,Friday,Indiana Pacers,112,Milwaukee Bucks,107,13688,OT,
2002-04-12T20:30:00,Friday,Houston Rockets,79,Portland Trail Blazers,80,13688,,
2002-04-12T21:00:00,Friday,Denver Nuggets,97,Golden State Warriors,89,13688,,
2002-04-12T22:30:00,Friday,Los Angeles Clippers,106,Sacramento Kings,125,13688,,
2002-04-13T19:00:00,Saturday,Atlanta Hawks,128,Cleveland Cavaliers,123,13688,2OT,
2002-04-13T20:00:00,Saturday,Memphis Grizzlies,92,San Antonio Spurs,113,13688,,
2002-04-13T20:00:00,Saturday,Seattle SuperSonics,99,Dallas Mavericks,116,13688,,
2002-04-13T20:30:00,Saturday,Chicago Bulls,106,Detroit Pistons,124,13688,,
2002-04-13T21:00:00,Saturday,Denver Nuggets,98,Phoenix Suns,94,13688,,
2002-04-13T22:30:00,Saturday,Los Angeles Clippers,98,Minnesota Timberwolves,101,13688,,
2002-04-13T22:30:00,Saturday,Golden State Warriors,101,Utah Jazz,109,13688,,
2002-04-14T12:30:00,Sunday,Orlando Magic,89,Philadelphia 76ers,95,13688,,
2002-04-14T13:00:00,Sunday,Washington Wizards,80,Indiana Pacers,86,13688,,
2002-04-14T15:00:00,Sunday,Milwaukee Bucks,98,Charlotte Hornets,91,13688,,
2002-04-14T17:30:00,Sunday,Toronto Raptors,101,New Jersey Nets,82,13688,,
2002-04-14T17:30:00,Sunday,Portland Trail Blazers,128,Los Angeles Lakers,120,13688,2OT,
2002-04-14T20:00:00,Sunday,Miami Heat,67,New York Knicks,94,13688,,
2002-04-14T20:30:00,Sunday,Houston Rockets,95,Memphis Grizzlies,98,13688,,
2002-04-14T21:00:00,Sunday,Sacramento Kings,100,Dallas Mavericks,113,13688,,
2002-04-15T19:00:00,Monday,Philadelphia 76ers,96,Chicago Bulls,98,13688,,
2002-04-15T20:00:00,Monday,Minnesota Timberwolves,90,Boston Celtics,93,13688,,
2002-04-15T22:30:00,Monday,Los Angeles Lakers,111,Seattle SuperSonics,104,13688,,
2002-04-16T19:00:00,Tuesday,Washington Wizards,116,New York Knicks,112,13688,,
2002-04-16T19:00:00,Tuesday,Cleveland Cavaliers,95,Indiana Pacers,99,13688,,
2002-04-16T19:30:00,Tuesday,Miami Heat,81,Charlotte Hornets,88,13688,,
2002-04-16T19:30:00,Tuesday,Atlanta Hawks,95,Orlando Magic,102,13688,,
2002-04-16T20:00:00,Tuesday,Milwaukee Bucks,105,Toronto Raptors,89,13688,,
2002-04-16T20:00:00,Tuesday,New Jersey Nets,98,Detroit Pistons,103,13688,,
2002-04-16T20:30:00,Tuesday,Dallas Mavericks,96,Utah Jazz,87,13688,,
2002-04-16T20:30:00,Tuesday,San Antonio Spurs,95,Phoenix Suns,71,13688,,
2002-04-16T21:00:00,Tuesday,Denver Nuggets,101,Houston Rockets,70,13688,,
2002-04-16T22:00:00,Tuesday,Sacramento Kings,120,Golden State Warriors,106,13688,,
2002-04-16T22:30:00,Tuesday,Los Angeles Clippers,92,Memphis Grizzlies,84,13688,,
2002-04-17T19:00:00,Wednesday,Toronto Raptors,103,Cleveland Cavaliers,85,13688,,
2002-04-17T19:00:00,Wednesday,Charlotte Hornets,112,Chicago Bulls,106,13688,,
2002-04-17T19:00:00,Wednesday,Boston Celtics,89,Atlanta Hawks,81,13688,,
2002-04-17T19:30:00,Wednesday,Orlando Magic,89,Miami Heat,103,13688,,
2002-04-17T19:30:00,Wednesday,New York Knicks,94,New Jersey Nets,99,13688,,
2002-04-17T19:30:00,Wednesday,Detroit Pistons,123,Milwaukee Bucks,89,13688,,
2002-04-17T20:00:00,Wednesday,Minnesota Timberwolves,104,Denver Nuggets,90,13688,,
2002-04-17T20:00:00,Wednesday,Indiana Pacers,103,Philadelphia 76ers,80,13688,,
2002-04-17T21:00:00,Wednesday,Utah Jazz,84,San Antonio Spurs,86,13688,,
2002-04-17T22:00:00,Wednesday,Seattle SuperSonics,109,Memphis Grizzlies,94,13688,,
2002-04-17T22:00:00,Wednesday,Portland Trail Blazers,92,Houston Rockets,79,13688,,
2002-04-17T22:00:00,Wednesday,Phoenix Suns,89,Dallas Mavericks,76,13688,,
2002-04-17T22:30:00,Wednesday,Golden State Warriors,107,Los Angeles Clippers,103,13688,,
2002-04-17T22:30:00,Wednesday,Los Angeles Lakers,109,Sacramento Kings,95,13688,,
2002-05-01T20:00:00,Wednesday,Philadelphia 76ers,83,Boston Celtics,81,20904,,
2002-05-01T22:30:00,Wednesday,Seattle SuperSonics,91,San Antonio Spurs,79,20904,,
2002-05-02T19:00:00,Thursday,New Jersey Nets,120,Indiana Pacers,109,20904,2OT,
2002-05-02T20:30:00,Thursday,Detroit Pistons,85,Toronto Raptors,82,20904,,
2002-05-03T19:00:00,Friday,Boston Celtics,120,Philadelphia 76ers,87,20904,,
2002-05-03T21:30:00,Friday,San Antonio Spurs,101,Seattle SuperSonics,78,20904,,
2002-05-04T18:30:00,Saturday,Sacramento Kings,108,Dallas Mavericks,91,20904,,
2002-05-05T12:30:00,Sunday,New Jersey Nets,99,Charlotte Hornets,93,20904,,
2002-05-05T15:00:00,Sunday,Detroit Pistons,96,Boston Celtics,84,20904,,
2002-05-05T17:30:00,Sunday,Los Angeles Lakers,86,San Antonio Spurs,80,20904,,
2002-05-06T21:00:00,Monday,Sacramento Kings,102,Dallas Mavericks,110,20904,,
2002-05-07T20:00:00,Tuesday,New Jersey Nets,102,Charlotte Hornets,88,20904,,
2002-05-07T22:30:00,Tuesday,Los Angeles Lakers,85,San Antonio Spurs,88,20904,,
2002-05-08T20:00:00,Wednesday,Detroit Pistons,77,Boston Celtics,85,20904,,
2002-05-09T19:00:00,Thursday,Charlotte Hornets,115,New Jersey Nets,97,20904,,
2002-05-09T21:30:00,Thursday,Dallas Mavericks,119,Sacramento Kings,125,20904,,
2002-05-10T19:00:00,Friday,Boston Celtics,66,Detroit Pistons,64,20904,,
2002-05-10T21:30:00,Friday,San Antonio Spurs,89,Los Angeles Lakers,99,20904,,
2002-05-11T15:30:00,Saturday,Dallas Mavericks,113,Sacramento Kings,115,20904,OT,
2002-05-12T12:30:00,Sunday,Charlotte Hornets,79,New Jersey Nets,89,20904,,
2002-05-12T15:00:00,Sunday,Boston Celtics,90,Detroit Pistons,79,20904,,
2002-05-12T17:30:00,Sunday,San Antonio Spurs,85,Los Angeles Lakers,87,20904,,
2002-05-13T21:00:00,Monday,Sacramento Kings,114,Dallas Mavericks,101,20904,,
2002-05-14T20:00:00,Tuesday,Detroit Pistons,81,Boston Celtics,90,20904,,
2002-05-14T22:30:00,Tuesday,Los Angeles Lakers,93,San Antonio Spurs,87,20904,,
2002-05-15T20:00:00,Wednesday,New Jersey Nets,103,Charlotte Hornets,95,20904,,
2002-05-18T18:30:00,Saturday,Sacramento Kings,99,Los Angeles Lakers,106,20904,,
2002-05-19T17:30:00,Sunday,New Jersey Nets,104,Boston Celtics,97,20904,,
2002-05-20T21:30:00,Monday,Sacramento Kings,96,Los Angeles Lakers,90,20904,,
2002-05-21T20:30:00,Tuesday,New Jersey Nets,86,Boston Celtics,93,20904,,
2002-05-24T21:00:00,Friday,Los Angeles Lakers,90,Sacramento Kings,103,20904,,
2002-05-25T17:30:00,Saturday,Boston Celtics,94,New Jersey Nets,90,20904,,
2002-05-26T17:30:00,Sunday,Los Angeles Lakers,100,Sacramento Kings,99,20904,,
2002-05-27T17:30:00,Monday,Boston Celtics,92,New Jersey Nets,94,20904,,
2002-05-28T21:00:00,Tuesday,Sacramento Kings,92,Los Angeles Lakers,91,20904,,
2002-05-29T21:00:00,Wednesday,New Jersey Nets,103,Boston Celtics,92,20904,,
2002-05-31T19:00:00,Friday,Boston Celtics,88,New Jersey Nets,96,20904,,
2002-05-31T21:30:00,Friday,Los Angeles Lakers,106,Sacramento Kings,102,20904,,
2002-06-02T19:30:00,Sunday,Sacramento Kings,106,Los Angeles Lakers,112,17317,OT,
2002-06-05T21:00:00,Wednesday,Los Angeles Lakers,99,New Jersey Nets,94,17317,,
2002-06-07T21:00:00,Friday,Los Angeles Lakers,106,New Jersey Nets,83,17317,,
2002-06-09T20:30:00,Sunday,New Jersey Nets,103,Los Angeles Lakers,106,17317,,
2002-06-12T21:00:00,Wednesday,New Jersey Nets,107,Los Angeles Lakers,113,17317,,
